type,cond,n,hit_1s,hit_2s
look_at_alarm,A,177,0.5057471264367817,0.8390804597701149
look_at_alarm,A0,122,0.5210084033613446,0.6554621848739496
look_at_alarm,B,451,0.5990888382687927,0.7562642369020501
look_at_exit_sign,A,66,0.47692307692307695,0.5230769230769231
look_at_exit_sign,A0,75,0.323943661971831,0.36619718309859156
look_at_exit_sign,B,396,0.23772609819121446,0.37371134020618557
look_at_npc,A,36,0.7777777777777778,0.8333333333333334
look_at_npc,A0,51,0.7843137254901961,0.8431372549019608
look_at_npc,B,92,0.8695652173913043,0.9239130434782609
look_at_alarm,ALL,750,0.5642076502732241,0.7595628415300546
look_at_exit_sign,ALL,537,0.27915869980879543,0.39122137404580154
look_at_npc,ALL,179,0.8268156424581006,0.88268156424581
