pid,include,clip_sha256,clip_noaudio_sha256
P1,True,fb37b9bf9dcab19971b2bfb2d6325cb774b90a3d731bb2139fce460b33d60734,d384c7234517afd19de864a416dac50f13e0cfd6aec4662216b544d099180e2a
P2,False,651e438935b13befce774a9acc0813de1ba61799279ae3d34ea22d80b9265cad,67433fe5d5ec657afa0c9696a413fbec5572a8c44ae050da0f7c9c9bce0229ad
P3,True,d4d6fbeae5e4f041e47ba6ea2f10b80b30941510c79d3ff427d9a47e472eaee7,e323abdcde3e6b7001fcd556487a6d6ebbd0fcdf14929a1a87d73ad6c96cb6b9
P4,True,7108ca83b2b2864ddc211d8a9e4389996d42dd9147d6889f3b892c56def2d62b,c5af8131210b91b0625661db58819bead0650a76ece7e4c7795b8d4a5bcb9cbd
P5,True,7437570eafcaf445d456d482e12fb83edfd60c09b3bf06820bea4c1307392d56,be6ac00a82fc36461c0b88b884de71510114753031878fc3b04c6095662ce846
P6,True,e4cf5786b3b7051d463753ea0255015f8a70beb08ba8a2f3f65028fd54b72dd2,af91b5240156f45355b74a12144f86a52c82ab4aa93cc1bd987bc9b48761c21a
P7,True,f58e5a5bfeb2bec255b26968a2e2f6765d079184ad6a0aed7bddf423e0e61a58,8841b9087515969dd8f35c64adb755f60dce0d13f76919f6b834e44823d131c0
P8,True,487535a77e4df81825b0cf7a716b97e49df77d3d8176aa56a730f0b8124d001b,b9516da759b18357ded9764ed2021504ad80480c6e05a61ae05352fa019cb346
P9,True,9087aa2fa77ec3b31bacfbec34d9664bb8d9b8f4931fede5ad9b4bb862631d08,16d6b5b943c4ce963773919189c5d97652961b642bf01d2e3cc52e15e5d91a7b
P10,True,e70fda905dea2ad4ab631a2f0569e2c3456f1d110fda27005742950b794076cb,1830d6fae9a59306fa6b83f65f88a09bb593e37aab853516f0d27cc7ac11bd83
P11,True,8942f6dabc110bb0261b9fa9641b765ecdcdbf632e445616e12f5af711baecd2,ec08b6950f540662c87b209cfbc3c3c79eeb285c5c279ef9d3510d273f23bcf4
P12,True,5c25397927c1979fc85ab5505f862ec26c08057cc2a947f18fcaa9d0a706996f,aebf6cd9301e2a0f1ae2362031544192e417d550b1b1506f09f2a03366cf2d33
P13,True,9f9b33da853f370b4a4483871f42cbd881bee26a5c9304880e4b12b2e0170849,83fc23c342399d35e33da34bba88d8b8f2133055d57936311d29291f0c5febcd
P14,True,d1bf2c08c452d1c4d67f6cc74f6acf52c1c756be5e5dd33ee81a28632976c35e,1ab6eb98b7a44cb498f32affe2adef18f0e7b1147c732da0a670394f868e83b2
P15,True,0fa9615c8ce5d2340b1994592bec7875a503987b635ddb5b877e5e72d7a01d2d,de301efd013a410120bf00980b48da906c9d4546841e9c2ae2057c660bb6c4c9
P16,True,7f609eff8cc3cc30492de5cfe05fda5d9f8dcbbdfaafb301300d3638a9e584cd,c209edc9d8bb6c573574fa4806a08a6dd0103f374df6c11a76f7cd0c0b63d0d4
P17,True,b7b353e20c39fba01aa4b3411f9a417adb91d1a192098d9c247f5fb5cd769c4c,2e22f9db8c5d264dd37e262e9cffd104fc7014fb33b28138f21b7eeab28fb776
P18,True,50843f00e0c8c0b6b945d85c590d07cbbc9f9ed0d068a33d3afa9bdd33053ecd,3c64a7b66312aa8be6bce01309024d6e5d90d66bcfdb1449c83a5f581498b165
P19,True,fd7dfdc73323cce9972f17a8a858ef836c13a83b4c00aed588a7ca64dd376d3e,5a02e1c4161040790b6ce5732829d7ad6389097ac16b21eb1d59dbeba036b6dd
P20,True,cb6c5f3d0886b1f5779981f8071dee42e8ca4b8b513f1e41d3f67f65120ed47a,f1afc2b256a386ab769d727772db0faa73d60b189876f0a9698d6eb08ac4b07b
P21,True,c5f17ba351d0a3380f1953401ad6c2bd8c32170c627f681248493d7a1456df2c,372aa4423b600044248281a0e3e945c1ada33dff2f369f16e6f60dbb933f1893
P22,False,36689298bc6a8c259177043075613588c6bc9726b66696cfd1a77cbbd178962d,d32949158f8adbc8e82f54ce8a46bf53d3f9070990d1dcb49ced0eab7aa42a3b
P23,True,1f8093b4083443a155742c64ec3ded22fd0b033e84b0fcc7f2d1d40c26e418ae,9579b46d5906421b2f1bd350ca0789cc13517a9336f767e03e59145b89afa717
P24,True,223adf8419a0621b14d5ece0d7e47bee61c7a128c5dc2735a8f14ce232c4795e,01c7ebd56f168e8e6e33e866605e8917ce37c1ae616ce7dac7f40ee89b4f9381
P25,True,75ba73f3bd74358e233930c37a31c35b7fc4ea65f3548965d08ba38c62a3315f,eafadb32892a27ed538ba3621b6379a773f7b2bcdc736bb7fd4da6608f13c385
P26,True,549b4d5acdd8dba1b0b0e8138bc78e43ff88612bafd5b4d8d1ed1beb86c77989,239af98e87bc0e8e9f45bad06ee606ae91df1d734fb20cc447c9c9efdac6f74d
P27,True,5a726806aa6a5bc7cb072d387b4fc84ba5accba91c3030854760a914c6da94e8,db7c87b9790d622263cfe00b8b667267bc602f722f03ae047386573bd3fc7b24
P28,True,7219d6b3b85492720320c14c23d4ac032979d25436ba3290d4eba02a44a77d19,62c94d3718ed8b00bd70a964d6253a1e116cfc642a17c2cdcc51c748be767132
P29,True,da8092d89faa4e9350e3ae545fea8b33afaa172dc6a2a0648544b6d148265d1f,26b32806b8e6163719db5a7c9d6967e5acfb8b8deb27e31adba6f9defb26ba41
P30,True,3d397a1424a1a33c9f3dee031f8070c24b897b0123b426119424ecfcc3ce7bbe,a3d136290ae4d38ffe8d59f2f34550feb399283021d798e88a609062937a3381
P31,True,36f2a09e1005c7b749119a57f3709147eb4f61a5a492738e1f399b46596f004c,3608c1b9ab705cb9b1738e6355fb28686bd32d0a7a29832ee77f6f64ac12ffd4
