name,tag,go,active,active_self,x,y,z,pivot_x,pivot_y,pivot_z,size
DoorTransf,Untagged,27352434,0,0,2.217,0.0,1.883,2.217,0.0,1.883,"[nan, nan, nan]"
Walls,Untagged,160193334,1,1,0.0,0.0,0.0,0.0,0.0,0.0,"[nan, nan, nan]"
Interaction Affordance,Untagged,191177508,1,1,-0.3070619999999984,0.0,-0.6684103000000006,-0.3070619999999984,0.0,-0.6684103000000006,"[nan, nan, nan]"
WaitingRoomAmbience,Untagged,275746960,1,1,0.0,2.067,0.0,0.0,2.067,0.0,"[nan, nan, nan]"
DoctorDoorSides (1),Untagged,283352905,0,0,-0.33,0.0,-0.668,-0.33,0.0,-0.668,"[nan, nan, nan]"
Interaction Affordance,Untagged,294042147,1,1,0.0,0.0,0.0,0.0,0.0,0.0,"[nan, nan, nan]"
Chairs,Untagged,302012493,0,1,0.0,0.0,0.0,0.0,0.0,0.0,"[nan, nan, nan]"
Cube,Untagged,329372982,0,0,-2.652,0.0,1.335,-2.652,0.0,1.335,"[nan, nan, nan]"
DoorHandle Grab,Untagged,364105361,0,1,2.2876,1.1062008897962083,2.8344996527454502,2.2876,1.1062008897962083,2.8344996527454502,"[nan, nan, nan]"
DoorHandle Grab,Untagged,400394784,1,1,2.2875998,1.1062008397962082,2.834499652745466,2.2875998,1.1062008397962082,2.834499652745466,"[nan, nan, nan]"
Interaction Affordance,Untagged,418522395,0,1,0.0,0.0,0.0,0.0,0.0,0.0,"[nan, nan, nan]"
Point Light,Untagged,436206931,1,1,1.717,2.325,2.788999922,1.717,2.325,2.788999922,"[nan, nan, nan]"
5_DoctorDoorSides,EyeTrack,533306467,0,1,-3.327149185485018,1.2000009200495785,1.9074499415549298,-0.34899926,0.0,-0.6770005,"[115.512024, 209.90999, 6.8079543]"
DoorHandle Grab,Untagged,634083012,1,1,-3.153498061680772,1.1062008413825493,1.610596993232257,-3.153498061680772,1.1062008413825493,1.610596993232257,"[nan, nan, nan]"
Color Affordance,Untagged,674198048,1,1,-0.3070619999999984,0.0,-0.6684103000000006,-0.3070619999999984,0.0,-0.6684103000000006,"[nan, nan, nan]"
WallWithDoor (1),Untagged,720159144,1,1,0.004901326,0.0,-0.9981277,0.004901326,0.0,-0.9981277,"[nan, nan, nan]"
Chairs,Untagged,725170753,1,1,0.0,0.0,0.0,0.0,0.0,0.0,"[nan, nan, nan]"
Certificates,Untagged,744526435,1,1,0.045,0.0,0.0,0.045,0.0,0.0,"[nan, nan, nan]"
RoomLight,Untagged,805826419,1,1,-8.29600006,2.7629999158353113,2.1369999813931444,-8.29600006,2.7629999158353113,2.1369999813931444,"[nan, nan, nan]"
Panel,Untagged,809972639,1,1,3.71,2.585,2.957,3.71,2.585,2.957,"[nan, nan, nan]"
RoomLight,Untagged,827224890,1,1,-5.228,2.753999916149225,2.1379999713931443,-5.228,2.753999916149225,2.1379999713931443,"[nan, nan, nan]"
"""GR\xD6NSTA_905.578.012""",Untagged,857471977,0,1,-0.923,0.0,-1.7848108,-0.923,0.0,-1.7848108,"[nan, nan, nan]"
Cube,Untagged,902020718,0,0,2.217,0.0,1.883,2.217,0.0,1.883,"[nan, nan, nan]"
"""GR\xD6NSTA_905.578.011""",Untagged,932767442,0,1,-0.187,0.0,-1.7848108,-0.187,0.0,-1.7848108,"[nan, nan, nan]"
AlignPose,Untagged,947567342,1,1,-2.652,0.0,1.335,-2.652,0.0,1.335,"[nan, nan, nan]"
Cube,Untagged,962107617,0,0,-6.609,0.0,2.21,-6.609,0.0,2.21,"[nan, nan, nan]"
6_CanvasQueueDisplay,EyeTrack,993339744,1,1,3.70999998650001,2.5849999995008113,2.9569999985098834,3.71,2.585,2.957,"[500.0, 500.0, 50.0]"
ExitDoor,Untagged,1074237947,1,1,3.049,0.0,2.941,3.049,0.0,2.941,"[nan, nan, nan]"
Locomotion System,Untagged,1134252065,1,1,0.16,-0.12,0.0,0.16,-0.12,0.0,"[nan, nan, nan]"
Fire Flashing Light,Untagged,1187302259,1,1,1.717,2.325,2.915,1.717,2.325,2.915,"[nan, nan, nan]"
ExitTarget,Untagged,1296149366,1,1,-6.609,0.0,2.21,-6.609,0.0,2.21,"[nan, nan, nan]"
CeilingTileOuterCorridor2,Untagged,1314409529,1,1,-7.67,-0.004,1.768,-7.67,-0.004,1.768,"[nan, nan, nan]"
Color Affordance,Untagged,1320714949,0,1,0.0,0.0,0.0,0.0,0.0,0.0,"[nan, nan, nan]"
CeilingTileOuterCorridor1,Untagged,1377603420,1,1,-7.67,-0.013,1.768,-7.67,-0.013,1.768,"[nan, nan, nan]"
DoctorDoorSidesBack,Untagged,1398056491,0,1,-3.338149925485018,1.2000009200495785,1.9074499415549298,-0.36,0.0,-0.6770005,"[115.512024, 209.90999, 6.8079543]"
QueueNumberText,Untagged,1522404141,1,1,3.710000091553,2.58500014496,2.957,3.710000091553,2.58500014496,2.957,"[nan, nan, nan]"
EventSystem,Untagged,1632315497,1,1,0.0,0.0,0.0,0.0,0.0,0.0,"[nan, nan, nan]"
RoomLight,Untagged,1689137465,1,1,2.4419999999999997,2.7669999161492247,0.3699999713931444,2.4419999999999997,2.7669999161492247,0.3699999713931444,"[nan, nan, nan]"
Doctors Door,Untagged,1750921234,1,1,-3.26,0.0,2.372,-3.26,0.0,2.372,"[nan, nan, nan]"
"""GR\xD6NSTA_905.578.010""",Untagged,1876561793,0,1,0.493,0.0,-1.7848108,0.493,0.0,-1.7848108,"[nan, nan, nan]"
Color Affordance,Untagged,1892138576,1,1,0.0,0.0,0.0,0.0,0.0,0.0,"[nan, nan, nan]"
Frames,Untagged,1960161009,1,1,0.0,0.0,0.0,0.0,0.0,0.0,"[nan, nan, nan]"
RoomLight,Untagged,1971208804,1,1,-0.62600006,2.7669999158353114,0.36899998139314444,-0.62600006,2.7669999158353114,0.36899998139314444,"[nan, nan, nan]"
Interaction Affordance,Untagged,1990940115,1,1,-6.2700011920928995,2.018,-0.6799009536743017,-6.2700011920928995,2.018,-0.6799009536743017,"[nan, nan, nan]"
Color Affordance,Untagged,2003986820,1,1,-6.2700011920928995,2.018,-0.6799009536743017,-6.2700011920928995,2.018,-0.6799009536743017,"[nan, nan, nan]"
Exit Door,Untagged,2047678980,0,1,3.049,0.0,2.941,3.049,0.0,2.941,"[nan, nan, nan]"
RightHandThumb3,Untagged,1181151549846662,1,1,3.215273398384517,1.2998478748739692,1.9510617315660794,3.215273398384517,1.2998478748739692,1.9510617315660794,"[nan, nan, nan]"
b_npc_csl_shoe_01_lod2,Untagged,4759769828762040,1,1,0.043,0.0,-1.424,0.043,0.0,-1.424,"[nan, nan, nan]"
LeftHandRing3,Untagged,56439482963519550,1,1,-0.708546369927223,1.2787775852122938,-1.1425341081698874,-0.708546369927223,1.2787775852122938,-1.1425341081698874,"[nan, nan, nan]"
npc_csl_shirtopenrolled_00f_lod1,Untagged,75016883337851498,1,1,3.515,0.0,1.309,3.515,0.0,1.309,"[nan, nan, nan]"
RightHand,Untagged,78513125826110152,1,1,0.6860752636598544,1.3512800496297033,-1.2217142058413422,0.6860752636598544,1.3512800496297033,-1.2217142058413422,"[nan, nan, nan]"
b_npc_hmn_01f_arms2_lod0,Untagged,103053037830903557,1,1,0.043,0.0,-1.424,0.043,0.0,-1.424,"[nan, nan, nan]"
Head,Untagged,107456301193416161,1,1,0.042999966646654855,1.6674282194113,-1.4306100065102516,0.042999966646654855,1.6674282194113,-1.4306100065102516,"[nan, nan, nan]"
npc_csl_tshirt_00f_frontal_lod4,Untagged,113955264820626461,1,1,3.515,0.0,1.309,3.515,0.0,1.309,"[nan, nan, nan]"
RightHandPinky3,Untagged,131802565363207058,1,1,0.5558779118719733,1.1233882721518582,-1.2010944663893863,0.5558779118719733,1.1233882721518582,-1.2010944663893863,"[nan, nan, nan]"
LeftFoot,Untagged,151069958950327130,1,1,-0.10893415696253315,0.13177874679625529,-1.474116570432931,-0.10893415696253315,0.13177874679625529,-1.474116570432931,"[nan, nan, nan]"
npc_hmn_01f_arms3_lod2,Untagged,222790644593883139,1,1,3.515,0.0,1.309,3.515,0.0,1.309,"[nan, nan, nan]"
b_npc_hmn_01f_head2_lod2,Untagged,236551183482834093,1,1,3.515,0.0,1.309,3.515,0.0,1.309,"[nan, nan, nan]"
3_ExitSign,EyeTrack,239336980091053389,1,1,2.567000596046794,2.64599980032444,2.975994600002245,2.567,2.646,2.976,"[0.030031007, 0.49008298, 1.0000032]"
npc_haircut_d_01,Untagged,252820779025870988,1,1,3.5149999730992967,1.2028075868641963e-08,1.3089998409643375,3.5149999730992967,1.2028075868641963e-08,1.3089998409643375,"[nan, nan, nan]"
Poster,Untagged,342563418147688705,0,0,0.0,0.0,0.0,0.0,0.0,0.0,"[nan, nan, nan]"
b_npc_csl_shirtopenrolled_00f_lod4,Untagged,352043894856483378,1,1,3.515,0.0,1.309,3.515,0.0,1.309,"[nan, nan, nan]"
LeftHand,Untagged,369867190962959501,1,1,3.312718078271991,1.351331603001189,0.6659195192414921,3.312718078271991,1.351331603001189,0.6659195192414921,"[nan, nan, nan]"
LeftHandIndex3,Untagged,401907952369244722,1,1,-0.6763579771566045,1.2895412697578372,-1.1007097601706008,-0.6763579771566045,1.2895412697578372,-1.1007097601706008,"[nan, nan, nan]"
LeftToeBase,Untagged,409706712751103218,1,1,3.4121033948021426,0.04176069905144143,1.1331973092748278,3.4121033948021426,0.04176069905144143,1.1331973092748278,"[nan, nan, nan]"
LeftUpLeg,Untagged,426310916838325417,1,1,3.514999999999992,0.9915366999999997,1.189060159519914,3.514999999999992,0.9915366999999997,1.189060159519914,"[nan, nan, nan]"
RightArm,Untagged,429977041802373938,1,1,3.5332370396191703,1.4934198646806232,1.4918566847649666,3.5332370396191703,1.4934198646806232,1.4918566847649666,"[nan, nan, nan]"
Root,Untagged,442024467773980305,1,1,0.043,0.0,-1.424,0.043,0.0,-1.424,"[nan, nan, nan]"
npc_hmn_01f_parts,Untagged,474981524484715318,1,1,0.043,0.0,-1.424,0.043,0.0,-1.424,"[nan, nan, nan]"
RightHandRing3,Untagged,485658553499488500,1,1,0.7945411289246822,1.2787300708986833,-1.142530269878349,0.7945411289246822,1.2787300708986833,-1.142530269878349,"[nan, nan, nan]"
RightToeBase,Untagged,523971258644438750,1,1,3.4121029519783854,0.04176065831299816,1.4848027197665319,3.4121029519783854,0.04176065831299816,1.4848027197665319,"[nan, nan, nan]"
WindowFrame2,Untagged,555128061584196383,0,1,0.0,0.0,0.0,0.0,0.0,0.0,"[nan, nan, nan]"
b_npc_csl_shoe_01_lod1,Untagged,557447761137397524,1,1,3.515,0.0,1.309,3.515,0.0,1.309,"[nan, nan, nan]"
b_npc_hmn_01f_head2_lod3,Untagged,614758898611238831,1,1,3.515,0.0,1.309,3.515,0.0,1.309,"[nan, nan, nan]"
LeftHandIndex1,Untagged,673740906499926277,1,1,-0.644140835693834,1.3269892792291975,-1.1396924537577102,-0.644140835693834,1.3269892792291975,-1.1396924537577102,"[nan, nan, nan]"
npc_haircut_d_01_lod0,Untagged,707258541116811992,1,1,3.5149999730992967,1.2028075868641963e-08,1.3089998409643375,3.5149999730992967,1.2028075868641963e-08,1.3089998409643375,"[nan, nan, nan]"
RightHandMiddle1,Untagged,721330484733064899,1,1,3.2485052659327747,1.3224100430679635,2.014033340837251,3.2485052659327747,1.3224100430679635,2.014033340837251,"[nan, nan, nan]"
b_npc_hmn_01f_arms3_lod3,Untagged,721954727090291282,1,1,3.515,0.0,1.309,3.515,0.0,1.309,"[nan, nan, nan]"
LeftArm,Untagged,730900104918705152,1,1,-0.14057246158139938,1.4934232924110553,-1.4422369385449398,-0.14057246158139938,1.4934232924110553,-1.4422369385449398,"[nan, nan, nan]"
npc_haircut_d_01_lod3,Untagged,782482137779762866,1,1,3.5149999730992967,1.2028075868641963e-08,1.3089998409643375,3.5149999730992967,1.2028075868641963e-08,1.3089998409643375,"[nan, nan, nan]"
npc_haircut_c_01_lod1,Untagged,815606565314179551,1,1,0.042999840964337496,1.2028075868641963e-08,-1.423999973099296,0.042999840964337496,1.2028075868641963e-08,-1.423999973099296,"[nan, nan, nan]"
b_npc_csl_pants_00f_lod0,Untagged,820288494183356956,1,1,3.515,0.0,1.309,3.515,0.0,1.309,"[nan, nan, nan]"
LeftHandPinky1,Untagged,856845563745710625,1,1,-0.6839246694896705,1.3131502384058986,-1.1926781926880796,-0.6839246694896705,1.3131502384058986,-1.1926781926880796,"[nan, nan, nan]"
Armchair,Untagged,877865091804946128,0,0,0.0,0.0,0.0,0.0,0.0,0.0,"[nan, nan, nan]"
Neck,Untagged,937269972190202500,1,1,0.042999946796626776,1.5651278363021661,-1.448943019910567,0.042999946796626776,1.5651278363021661,-1.448943019910567,"[nan, nan, nan]"
npc_haircut_c_01_lod2,Untagged,950971607632536664,1,1,0.042999840964337496,1.2028075868641963e-08,-1.423999973099296,0.042999840964337496,1.2028075868641963e-08,-1.423999973099296,"[nan, nan, nan]"
WallFrame4,Untagged,967194437354294778,0,1,3.9585876,0.36587065,1.7043093,3.9585876,0.36587065,1.7043093,"[nan, nan, nan]"
WindowFrame3,Untagged,984801858825786693,1,1,0.0,0.0,0.0,0.0,0.0,0.0,"[nan, nan, nan]"
DoctorDoorSides,Untagged,985104939676838439,1,1,1.2139,-4.7684e-07,-0.62644,1.2139,-4.7684e-07,-0.62644,"[nan, nan, nan]"
RightHandThumb2,Untagged,987418041447442323,1,1,0.46147504971096215,1.1167629626965554,-1.2683965360495626,0.46147504971096215,1.1167629626965554,-1.2683965360495626,"[nan, nan, nan]"
LeftHandRing1,Untagged,1021289766586106399,1,1,3.264194547738919,1.3188505970016282,0.5902165442755758,3.264194547738919,1.3188505970016282,0.5902165442755758,"[nan, nan, nan]"
npc_csl_shirtopenrolled_00f,Untagged,1023204464303180700,1,1,3.515,0.0,1.309,3.515,0.0,1.309,"[nan, nan, nan]"
b_npc_csl_pants_00f_lod2,Untagged,1057576653601833420,1,1,3.515,0.0,1.309,3.515,0.0,1.309,"[nan, nan, nan]"
RightHandIndex3,Untagged,1078514430935425421,1,1,3.1917062843766573,1.2894900278811798,2.02835235298455,3.1917062843766573,1.2894900278811798,2.02835235298455,"[nan, nan, nan]"
npc_haircut_d_01_lod4,Untagged,1085318735215754287,1,1,3.5149999730992967,1.2028075868641963e-08,1.3089998409643375,3.5149999730992967,1.2028075868641963e-08,1.3089998409643375,"[nan, nan, nan]"
LeftHandRing2,Untagged,1104239470755835791,1,1,3.244225927852618,1.2959823933551866,0.5682606985851683,3.244225927852618,1.2959823933551866,0.5682606985851683,"[nan, nan, nan]"
Hips,Untagged,1115589879058576424,1,1,3.514999999999992,0.9915367,1.308999903519914,3.514999999999992,0.9915367,1.308999903519914,"[nan, nan, nan]"
RightHandMiddle2,Untagged,1141080933955062963,1,1,3.2241732758139148,1.302300059492744,2.037424160962326,3.2241732758139148,1.302300059492744,2.037424160962326,"[nan, nan, nan]"
npc_csl_pants_00f,Untagged,1147901286804107943,1,1,3.515,0.0,1.309,3.515,0.0,1.309,"[nan, nan, nan]"
RightLeg,Untagged,1148086711370147967,1,1,3.52877288510383,0.546162934089844,1.445815690417395,3.52877288510383,0.546162934089844,1.445815690417395,"[nan, nan, nan]"
RightHandMiddle1,Untagged,1156458633974144093,1,1,0.48685780497536807,1.1312789939281485,-1.2119644882234035,0.48685780497536807,1.1312789939281485,-1.2119644882234035,"[nan, nan, nan]"
LeftArm,Untagged,1164904552628178590,1,1,3.53323693854494,1.4934232924110553,1.1254275384186005,3.53323693854494,1.4934232924110553,1.1254275384186005,"[nan, nan, nan]"
DoctorDoorHandleBack,Untagged,1233227154103579406,1,1,-3.3252453999999996,1.0510419999999998,1.5700193999999992,-6.27,2.098,-0.6799000000000017,"[14.681995, 24.50039, 4.4570017]"
LeftForeArm,Untagged,1233882008823447601,1,1,-0.416096500795045,1.4021278966043558,-1.4303440660424263,-0.416096500795045,1.4021278966043558,-1.4303440660424263,"[nan, nan, nan]"
b_npc_csl_pants_00f_lod0,Untagged,1255518356270313602,1,1,0.043,0.0,-1.424,0.043,0.0,-1.424,"[nan, nan, nan]"
Spine1,Untagged,1280180135750625974,1,1,0.04299979450696347,1.3230210890363883,-1.432117035057775,0.04299979450696347,1.3230210890363883,-1.432117035057775,"[nan, nan, nan]"
b_npc_hmn_01f_head2_lod3,Untagged,1334807902524890417,1,1,0.043,0.0,-1.424,0.043,0.0,-1.424,"[nan, nan, nan]"
LeftHandMiddle3,Untagged,1343613200933050731,1,1,3.2100532360503733,1.283771626581073,0.5687112835543229,3.2100532360503733,1.283771626581073,0.5687112835543229,"[nan, nan, nan]"
LeftHandPinky2,Untagged,1349791433098525754,1,1,3.2671159706670987,1.2933459634053748,0.5617912106624974,3.2671159706670987,1.2933459634053748,0.5617912106624974,"[nan, nan, nan]"
LeftHandIndex1,Untagged,1393763522269741979,1,1,3.2306924537577104,1.3269892792291975,0.6218591643061657,3.2306924537577104,1.3269892792291975,0.6218591643061657,"[nan, nan, nan]"
RightHandPinky1,Untagged,1402368085763319543,1,1,0.7699191421454049,1.3131000743718317,-1.1926752413578792,0.7699191421454049,1.3131000743718317,-1.1926752413578792,"[nan, nan, nan]"
b_npc_csl_shirtopenrolled_00f,Untagged,1463401322070973649,1,1,3.515,0.0,1.309,3.515,0.0,1.309,"[nan, nan, nan]"
npc_csl_shirtopenrolled_00f_lod2,Untagged,1486020341767100547,1,1,3.515,0.0,1.309,3.515,0.0,1.309,"[nan, nan, nan]"
b_npc_csl_pants_00f_lod2,Untagged,1487167670472534866,1,1,0.043,0.0,-1.424,0.043,0.0,-1.424,"[nan, nan, nan]"
FloorWaitingRoom,Untagged,1490335091361047741,1,1,0.019,0.0,0.0,0.019,0.0,0.0,"[nan, nan, nan]"
RightHandIndex3,Untagged,1511406723247835923,1,1,0.5009214116907662,1.0653691965562606,-1.2026035933958115,0.5009214116907662,1.0653691965562606,-1.2026035933958115,"[nan, nan, nan]"
LeftHandIndex2,Untagged,1518554480946503143,1,1,-0.6651964103007462,1.3084966030533,-1.1157070976017043,-0.6651964103007462,1.3084966030533,-1.1157070976017043,"[nan, nan, nan]"
LeftHandRing2,Untagged,1539444593954063633,1,1,-0.6977393014148315,1.2959823933551866,-1.1532259278526176,-0.6977393014148315,1.2959823933551866,-1.1532259278526176,"[nan, nan, nan]"
Hips,Untagged,1546247963365629622,1,1,0.042999903519914,0.9915367,-1.423999999999992,0.042999903519914,0.9915367,-1.423999999999992,"[nan, nan, nan]"
npc_csl_pants_00f,Untagged,1576283381882607673,1,1,0.043,0.0,-1.424,0.043,0.0,-1.424,"[nan, nan, nan]"
RightShoulder,Untagged,1583224102587782998,1,1,3.534729616163476,1.5132799400742498,1.3444672227424734,3.534729616163476,1.5132799400742498,1.3444672227424734,"[nan, nan, nan]"
WallFrame1,Untagged,1691757046321788097,0,1,-0.5208996,0.0,0.0,-0.5208996,0.0,0.0,"[nan, nan, nan]"
RightHandThumb2,Untagged,1709745233481403661,1,1,3.2430401520175356,1.3219401868603364,1.9457409261910903,3.2430401520175356,1.3219401868603364,1.9457409261910903,"[nan, nan, nan]"
7_ExitDoorSides,EyeTrack,1729611675479399444,0,1,2.5841530600476723,1.2000009200494555,2.9742286063360637,0.024923325,0.0,-0.025621414,"[115.51199, 209.90999, 6.807953]"
LeftFoot,Untagged,1735726519804590532,1,1,3.5651165704329313,0.13177874679625529,1.1570658430374667,3.5651165704329313,0.13177874679625529,1.1570658430374667,"[nan, nan, nan]"
RightForeArm,Untagged,1758985428368223026,1,1,3.521344288116445,1.4021299750503502,1.7680963782182009,3.521344288116445,1.4021299750503502,1.7680963782182009,"[nan, nan, nan]"
RightHandMiddle3,Untagged,1764866887070639605,1,1,0.7832831495873477,1.2837200634829884,-1.119050284449381,0.7832831495873477,1.2837200634829884,-1.119050284449381,"[nan, nan, nan]"
npc_csl_tshirt_00f_lod3,Untagged,1814896875072024463,1,1,0.043,0.0,-1.424,0.043,0.0,-1.424,"[nan, nan, nan]"
b_npc_hmn_01f_head2_lod2,Untagged,1821241288073913907,1,1,0.043,0.0,-1.424,0.043,0.0,-1.424,"[nan, nan, nan]"
b_npc_csl_tshirt_00f_lod4,Untagged,1850532334559370090,1,1,0.043,0.0,-1.424,0.043,0.0,-1.424,"[nan, nan, nan]"
10_FireAlarmAuditory,EyeTrack,1855649844312329773,1,1,2.0762389420000003,2.653000022351792,2.97699981746073,2.099,2.653,2.977,"[0.2541626, 0.05559822, 0.25416255]"
RightHandThumb3,Untagged,1876326494072413720,1,1,0.4734637511647384,1.0838325697683464,-1.2607000372100907,0.4734637511647384,1.0838325697683464,-1.2607000372100907,"[nan, nan, nan]"
Spine,Untagged,1880616450853148711,1,1,3.5149999940673275,1.1087785920280757,1.3089997639683322,3.5149999940673275,1.1087785920280757,1.3089997639683322,"[nan, nan, nan]"
b_npc_csl_shoe_01_lod2,Untagged,1882178902420474662,1,1,3.515,0.0,1.309,3.515,0.0,1.309,"[nan, nan, nan]"
npc_hmn_01f_arms2_lod1,Untagged,1894615213775795105,1,1,0.043,0.0,-1.424,0.043,0.0,-1.424,"[nan, nan, nan]"
WallWithoutDoor,Untagged,1921108871931207425,1,1,0.0,0.0,0.0,0.0,0.0,0.0,"[nan, nan, nan]"
RoomWithTwoDoors,Untagged,1935355820446524370,0,0,0.0,0.0,0.0,0.0,0.0,0.0,"[nan, nan, nan]"
LeftHandProp,Untagged,1948366064749385578,1,1,3.26747235328668,1.3019904756348255,0.6313138511709231,3.26747235328668,1.3019904756348255,0.6313138511709231,"[nan, nan, nan]"
WallWithDoor,Untagged,1955035961945518408,1,1,0.056,0.0,-0.9981277,0.056,0.0,-0.9981277,"[nan, nan, nan]"
3_FireExtinguisher,EyeTrack,1958866893555823165,0,0,3.60107117192082,0.6041669028400424,2.901999747560433,3.64,0.474,2.902,"[nan, nan, nan]"
RightHandIndex2,Untagged,1975359389111267311,1,1,3.206703275355921,1.308450043472748,2.017191201597631,3.206703275355921,1.308450043472748,2.017191201597631,"[nan, nan, nan]"
LeftHandPinky3,Untagged,1975913277122427560,1,1,-0.7150601104524138,1.2758549861773487,-1.1664824575315147,-0.7150601104524138,1.2758549861773487,-1.1664824575315147,"[nan, nan, nan]"
RightHandPinky3,Untagged,2007056209973043468,1,1,3.2574792587016366,1.275800061039334,2.0670542717677822,3.2574792587016366,1.275800061039334,2.0670542717677822,"[nan, nan, nan]"
Lamp2,Untagged,2024035730408490864,0,0,0.0,0.0,0.0,0.0,0.0,0.0,"[nan, nan, nan]"
Root,Untagged,2030100509262091279,1,1,3.515,0.0,1.309,3.515,0.0,1.309,"[nan, nan, nan]"
npc_hmn_01f_parts,Untagged,2060755747164264872,1,1,3.515,0.0,1.309,3.515,0.0,1.309,"[nan, nan, nan]"
npc_haircut_c_01_lod3,Untagged,2083247294919087285,1,1,0.042999840964337496,1.2028075868641963e-08,-1.423999973099296,0.042999840964337496,1.2028075868641963e-08,-1.423999973099296,"[nan, nan, nan]"
b_npc_haircut_c_01_lod1,Untagged,2087762807203609407,1,1,0.042999840964337496,1.2028075868641963e-08,-1.423999973099296,0.042999840964337496,1.2028075868641963e-08,-1.423999973099296,"[nan, nan, nan]"
RightToeBase,Untagged,2110985722430157888,1,1,0.21880271976653176,0.04176065831299816,-1.3211029519783855,0.21880271976653176,0.04176065831299816,-1.3211029519783855,"[nan, nan, nan]"
b_npc_csl_shoe_01_lod1,Untagged,2139856920225547658,1,1,0.043,0.0,-1.424,0.043,0.0,-1.424,"[nan, nan, nan]"
LeftHandThumb3,Untagged,2151836199832017959,1,1,3.215279546295495,1.2998953399118018,0.6669339953734114,3.215279546295495,1.2998953399118018,0.6669339953734114,"[nan, nan, nan]"
LeftHandThumb1,Untagged,2184366098721023377,1,1,3.288706100813833,1.3496057824980705,0.6725590232918013,3.288706100813833,1.3496057824980705,0.6725590232918013,"[nan, nan, nan]"
LeftHandThumb2,Untagged,2228758787620779915,1,1,3.24304376851192,1.3219859743789093,0.6722540785392143,3.24304376851192,1.3219859743789093,0.6722540785392143,"[nan, nan, nan]"
LeftHandIndex3,Untagged,2278225914938880172,1,1,3.191709760170601,1.2895412697578372,0.5896420228433952,3.191709760170601,1.2895412697578372,0.5896420228433952,"[nan, nan, nan]"
LeftToeBase,Untagged,2279293465747895916,1,1,-0.13280269072517215,0.04176069905144143,-1.3211033948021425,-0.13280269072517215,0.04176069905144143,-1.3211033948021425,"[nan, nan, nan]"
LeftUpLeg,Untagged,2298156066755450423,1,1,-0.07693984048008601,0.9915366999999997,-1.423999999999992,-0.07693984048008601,0.9915366999999997,-1.423999999999992,"[nan, nan, nan]"
RightArm,Untagged,2304060247501619628,1,1,0.1918705523907323,1.493345260463522,-1.4776207753914514,0.1918705523907323,1.493345260463522,-1.4776207753914514,"[nan, nan, nan]"
LeftFoot,Untagged,2309437599874679241,1,1,-0.10893431599819725,0.13177875787657772,-1.4741165460242875,-0.10893431599819725,0.13177875787657772,-1.4741165460242875,"[nan, nan, nan]"
RightHandMiddle3,Untagged,2334094158620958200,1,1,3.210050287073743,1.2837200456880176,2.0492833086230298,3.210050287073743,1.2837200456880176,2.0492833086230298,"[nan, nan, nan]"
"""GR\xD6NSTA_905.578.009""",Untagged,2364764805203575609,1,1,0.86810565,0.0,-1.7848108,0.86810565,0.0,-1.7848108,"[nan, nan, nan]"
LeftLeg,Untagged,2367478199348292092,1,1,3.5287728860465832,0.5461625337818063,1.1721839799278475,3.5287728860465832,0.5461625337818063,1.1721839799278475,"[nan, nan, nan]"
npc_haircut_c_01_lod0,Untagged,2409124373307796467,1,1,0.042999840964337496,1.2028075868641963e-08,-1.423999973099296,0.042999840964337496,1.2028075868641963e-08,-1.423999973099296,"[nan, nan, nan]"
LeftHandRing3,Untagged,2512150389849684653,1,1,-0.7085462108915409,1.2787775678614455,-1.142534110887707,-0.7085462108915409,1.2787775678614455,-1.142534110887707,"[nan, nan, nan]"
RightHand,Untagged,2522753926606073947,1,1,0.45864675776881614,1.1901796021489062,-1.2792690561430213,0.45864675776881614,1.1901796021489062,-1.2792690561430213,"[nan, nan, nan]"
Head,Untagged,2551767471522799474,1,1,0.04300012568234051,1.6674282075082256,-1.430610001878328,0.04300012568234051,1.6674282075082256,-1.430610001878328,"[nan, nan, nan]"
LeftHandPinky3,Untagged,2553987356458173093,1,1,3.2574824603046038,1.275854969279386,0.550940048583268,3.2574824603046038,1.275854969279386,0.550940048583268,"[nan, nan, nan]"
RightHandPinky3,Untagged,2576113606977657089,1,1,0.801054112732101,1.2758000779373786,-1.1664792559275008,0.801054112732101,1.2758000779373786,-1.1664792559275008,"[nan, nan, nan]"
Root,Untagged,2609293891739020290,1,1,0.042999840964337496,1.2028075868641963e-08,-1.423999973099296,0.042999840964337496,1.2028075868641963e-08,-1.423999973099296,"[nan, nan, nan]"
npc_csl_pants_00f_lod4,Untagged,2641199303463954094,1,1,0.043,0.0,-1.424,0.043,0.0,-1.424,"[nan, nan, nan]"
RightHandRing3,Untagged,2641668978261754471,1,1,0.539693548705335,1.1047882798643378,-1.2006552186791455,0.539693548705335,1.1047882798643378,-1.2006552186791455,"[nan, nan, nan]"
npc_haircut_d_01_lod1,Untagged,2642191145463003195,1,1,3.5149999730992967,1.2028075868641963e-08,1.3089998409643375,3.5149999730992967,1.2028075868641963e-08,1.3089998409643375,"[nan, nan, nan]"
Poster,Untagged,2670642757495674780,0,0,0.0,0.0,0.0,0.0,0.0,0.0,"[nan, nan, nan]"
b_npc_csl_shoe_01_lod0,Untagged,2674285558053204520,1,1,3.515,0.0,1.309,3.515,0.0,1.309,"[nan, nan, nan]"
npc_csl_tshirt_00f,Untagged,2691454899779111052,1,1,3.515,0.0,1.309,3.515,0.0,1.309,"[nan, nan, nan]"
RightHandRing2,Untagged,2754622737524124412,1,1,3.2442222633705953,1.295930068641319,2.0497341396177884,3.2442222633705953,1.295930068641319,2.0497341396177884,"[nan, nan, nan]"
WindowFrame2,Untagged,2766677928804648322,1,1,0.0,0.0,0.0,0.0,0.0,0.0,"[nan, nan, nan]"
RightFoot,Untagged,2793118480395151260,1,1,3.5651165701810115,0.1317789942648276,1.4609335629764986,3.5651165701810115,0.1317789942648276,1.4609335629764986,"[nan, nan, nan]"
LeftHandIndex3,Untagged,2848435737334778017,1,1,-0.6763581361922871,1.2895412878996237,-1.100709757656333,-0.6763581361922871,1.2895412878996237,-1.100709757656333,"[nan, nan, nan]"
13_ExitDoor,EyeTrack,2865374849158580979,1,1,2.58445,1.1500008348903081,2.9781496389959328,0.0,0.0,0.0,"[96.000015, 200.0, 2.539978]"
b_npc_hmn_01f_parts,Untagged,2870758756424937039,1,1,3.515,0.0,1.309,3.515,0.0,1.309,"[nan, nan, nan]"
LeftArm,Untagged,2896058466289858195,1,1,-0.1405726206170826,1.4934233040942508,-1.4422369398862684,-0.1405726206170826,1.4934233040942508,-1.4422369398862684,"[nan, nan, nan]"
lower_cloth,Untagged,2954777654623867158,1,1,3.515,0.0,1.309,3.515,0.0,1.309,"[nan, nan, nan]"
LeftForeArm,Untagged,2956030922185619516,1,1,3.5213440664275777,1.4021278846962588,0.849903658240637,3.5213440664275777,1.4021278846962588,0.849903658240637,"[nan, nan, nan]"
FloorCorridor,Untagged,2967567125659760633,1,1,-7.658539,0.0,1.668346,-7.658539,0.0,1.668346,"[nan, nan, nan]"
Spine1,Untagged,3016939359580852923,1,1,3.523117036938913,1.3230210771618134,1.3089999535426442,3.523117036938913,1.3230210771618134,1.3089999535426442,"[nan, nan, nan]"
LeftHandPinky1,Untagged,3022003933706920114,1,1,-0.6839245104539882,1.3131502220033213,-1.1926781947558802,-0.6839245104539882,1.3131502220033213,-1.1926781947558802,"[nan, nan, nan]"
LeftHandMiddle1,Untagged,3022861944582892662,1,1,3.2485082811028505,1.3224599401879926,0.6039608597133714,3.2485082811028505,1.3224599401879926,0.6039608597133714,"[nan, nan, nan]"
b_npc_hmn_01f_head2_lod1,Untagged,3047973624718698518,1,1,0.043,0.0,-1.424,0.043,0.0,-1.424,"[nan, nan, nan]"
b_npc_csl_tshirt_00f,Untagged,3050469959830872504,1,1,0.043,0.0,-1.424,0.043,0.0,-1.424,"[nan, nan, nan]"
b_npc_csl_shirtopenrolled_00f_lod0,Untagged,3097693976138762533,1,1,3.515,0.0,1.309,3.515,0.0,1.309,"[nan, nan, nan]"
npc_csl_shoe_01_lod0,Untagged,3111450495358304758,1,1,3.515,0.0,1.309,3.515,0.0,1.309,"[nan, nan, nan]"
LeftHandIndex1,Untagged,3120409438214847382,1,1,-0.6441409947295168,1.3269892966337853,-1.139692451951619,-0.6441409947295168,1.3269892966337853,-1.139692451951619,"[nan, nan, nan]"
RightHandPinky1,Untagged,3129008916501831418,1,1,3.283675243426637,1.313100057969178,2.0359193011810865,3.283675243426637,1.313100057969178,2.0359193011810865,"[nan, nan, nan]"
footwear,Untagged,3133609136785644216,1,1,0.043,0.0,-1.424,0.043,0.0,-1.424,"[nan, nan, nan]"
b_npc_hmn_01f_head2_lod4,Untagged,3138590695989682546,1,1,3.515,0.0,1.309,3.515,0.0,1.309,"[nan, nan, nan]"
WindowFrame3,Untagged,3205358968259466200,0,1,0.0,0.0,0.0,0.0,0.0,0.0,"[nan, nan, nan]"
LeftShoulder,Untagged,3214774733802655214,1,1,3.5347295999500945,1.5132750991009998,1.2735324207416276,3.5347295999500945,1.5132750991009998,1.2735324207416276,"[nan, nan, nan]"
WallFrame4,Untagged,3223780025987746663,1,1,3.9583926,0.36587065,1.799,3.9583926,0.36587065,1.799,"[nan, nan, nan]"
b_npc_hmn_01f_arms2_lod4,Untagged,3242081486284334671,1,1,0.043,0.0,-1.424,0.043,0.0,-1.424,"[nan, nan, nan]"
LeftHandIndex2,Untagged,3245039318472828394,1,1,3.2067070997575096,1.3084965851951271,0.6008037487349362,3.2067070997575096,1.3084965851951271,0.6008037487349362,"[nan, nan, nan]"
npc_csl_shoe_01_lod3,Untagged,3262289799214334656,1,1,3.515,0.0,1.309,3.515,0.0,1.309,"[nan, nan, nan]"
Armchair,Untagged,3314593574057449549,0,0,0.0,0.0,0.0,0.0,0.0,0.0,"[nan, nan, nan]"
npc_csl_pants_00f_lod2,Untagged,3363715067965412544,1,1,0.043,0.0,-1.424,0.043,0.0,-1.424,"[nan, nan, nan]"
Neck,Untagged,3392804828366772247,1,1,0.043000105832310904,1.5651278247457863,-1.4489430172132396,0.043000105832310904,1.5651278247457863,-1.4489430172132396,"[nan, nan, nan]"
6_ExitDoorHandle,EyeTrack,3419801417051904270,0,1,2.2499197,1.0469589244071353,2.944754871342485,0.0,0.0,0.0,"[15.0, 25.0, 5.0]"
RightHandThumb2,Untagged,3431869820416095488,1,1,0.6797407671554082,1.3219402040314365,-1.152040150115953,0.6797407671554082,1.3219402040314365,-1.152040150115953,"[nan, nan, nan]"
"""GR\xD6NSTA_905.578.010""",Untagged,3462881923020327700,1,1,0.050363064,0.0,-1.7848108,0.050363064,0.0,-1.7848108,"[nan, nan, nan]"
b_npc_hmn_01f_head2_lod1,Untagged,3477531656708211336,1,1,3.515,0.0,1.309,3.515,0.0,1.309,"[nan, nan, nan]"
RightHandProp,Untagged,3482742180267351197,1,1,3.267469251949646,1.301940070105986,1.9866802127395424,3.267469251949646,1.301940070105986,1.9866802127395424,"[nan, nan, nan]"
b_npc_csl_tshirt_00f,Untagged,3484463421223783206,1,1,3.515,0.0,1.309,3.515,0.0,1.309,"[nan, nan, nan]"
b_npc_csl_tshirt_00f_frontal_lod0,Untagged,3538894381825582806,1,1,3.515,0.0,1.309,3.515,0.0,1.309,"[nan, nan, nan]"
npc_csl_shoe_01_lod0,Untagged,3539874372582992744,1,1,0.043,0.0,-1.424,0.043,0.0,-1.424,"[nan, nan, nan]"
RightHandPinky1,Untagged,3558483935195690084,1,1,0.517569232997873,1.1604178242244139,-1.2087484829552577,0.517569232997873,1.1604178242244139,-1.2087484829552577,"[nan, nan, nan]"
footwear,Untagged,3563173765680214054,1,1,3.515,0.0,1.309,3.515,0.0,1.309,"[nan, nan, nan]"
RightHandThumb1,Untagged,3565124876523639751,1,1,3.288702221644339,1.3495600450139789,1.9454352766769354,3.288702221644339,1.3495600450139789,1.9454352766769354,"[nan, nan, nan]"
b_npc_hmn_01f_head2_lod4,Untagged,3567058553637522412,1,1,0.043,0.0,-1.424,0.043,0.0,-1.424,"[nan, nan, nan]"
RightHandMiddle1,Untagged,3609882564593438414,1,1,0.7480331818015685,1.322410060135714,-1.1575052640400774,0.7480331818015685,1.322410060135714,-1.1575052640400774,"[nan, nan, nan]"
ExitDoor,Untagged,3670046379186857624,0,1,2.58445,1.1500008348903081,2.9781496389959328,0.0,0.0,0.0,"[96.000015, 200.0, 2.539978]"
LeftForeArm,Untagged,3678263556218507938,1,1,-0.41609634175936294,1.4021278846962588,-1.4303440664275777,-0.41609634175936294,1.4021278846962588,-1.4303440664275777,"[nan, nan, nan]"
lower_cloth,Untagged,3679236241330862984,1,1,0.043,0.0,-1.424,0.043,0.0,-1.424,"[nan, nan, nan]"
npc_csl_tshirt_00f_lod0,Untagged,3716946645218217713,1,1,0.043,0.0,-1.424,0.043,0.0,-1.424,"[nan, nan, nan]"
Spine1,Untagged,3733604066235578405,1,1,0.04299995354264433,1.3230210771618134,-1.4321170369389127,0.04299995354264433,1.3230210771618134,-1.4321170369389127,"[nan, nan, nan]"
LeftHandPinky1,Untagged,3746554879518558764,1,1,3.2836781947558804,1.3131502220033213,0.5820754895460116,3.2836781947558804,1.3131502220033213,0.5820754895460116,"[nan, nan, nan]"
"""GR\xD6NSTA_905.578.007""",Untagged,3778509388186469613,0,1,2.607,0.0,-1.7848108,2.607,0.0,-1.7848108,"[nan, nan, nan]"
npc_csl_pants_00f_lod2,Untagged,3792152147147095646,1,1,3.515,0.0,1.309,3.515,0.0,1.309,"[nan, nan, nan]"
Neck,Untagged,3826816423046607497,1,1,3.53994301721324,1.5651278247457863,1.3090001058323109,3.53994301721324,1.5651278247457863,1.3090001058323109,"[nan, nan, nan]"
"""GR\xD6NSTA_905.578.009""",Untagged,3860802970541714616,0,1,1.198,0.0,-1.7848108,1.198,0.0,-1.7848108,"[nan, nan, nan]"
WallWithDoorOuter,Untagged,3902347532246004718,1,1,-7.673,0.0,2.950646,-7.673,0.0,2.950646,"[nan, nan, nan]"
RightUpLeg,Untagged,3936781939733380739,1,1,3.5150000128211696,0.991536966040997,1.428939754484238,3.5150000128211696,0.991536966040997,1.428939754484238,"[nan, nan, nan]"
WallFrame1,Untagged,3939335753552982620,1,1,-0.5208996,0.0,0.02,-0.5208996,0.0,0.02,"[nan, nan, nan]"
RightHandIndex3,Untagged,3958075254694386048,1,1,0.7623521939488678,1.2894900460230523,-1.1007062818614115,0.7623521939488678,1.2894900460230523,-1.1007062818614115,"[nan, nan, nan]"
LeftHandIndex2,Untagged,3965011897302208372,1,1,-0.6651962512650634,1.3084965851951271,-1.1157070997575096,-0.6651962512650634,1.3084965851951271,-1.1157070997575096,"[nan, nan, nan]"
LeftHandRing2,Untagged,3983790810948081538,1,1,-0.6977394604505137,1.2959824105038429,-1.1532259254601573,-0.6977394604505137,1.2959824105038429,-1.1532259254601573,"[nan, nan, nan]"
npc_csl_shoe_01_lod3,Untagged,3984493836861171806,1,1,0.043,0.0,-1.424,0.043,0.0,-1.424,"[nan, nan, nan]"
Hips,Untagged,3990488635833437221,1,1,0.042999744484237705,0.9915367120280757,-1.4239999918501747,0.042999744484237705,0.9915367120280757,-1.4239999918501747,"[nan, nan, nan]"
WallWithoutDoor.001,Untagged,3990699201818664801,1,1,-10.866128944389025,1.7208500156138047,2.0365381229305273,-6.513209,0.0,2.4048333,"[1.2699585, 344.16998, 523.875]"
npc_hmn_01f_arms3_lod4,Untagged,3995111997443237746,1,1,3.515,0.0,1.309,3.515,0.0,1.309,"[nan, nan, nan]"
RightHandThumb3,Untagged,4043807024404139147,1,1,0.6850615725303975,1.2998478925701649,-1.124273396065148,0.6850615725303975,1.2998478925701649,-1.124273396065148,"[nan, nan, nan]"
RightHandPinky2,Untagged,4071280853182066712,1,1,3.2671122495592604,1.2933000748199401,2.0562031237949094,3.2671122495592604,1.2933000748199401,2.0562031237949094,"[nan, nan, nan]"
RightHandRing1,Untagged,4074711607139262812,1,1,3.2641912519646747,1.318800065725617,2.027778161063398,3.2641912519646747,1.318800065725617,2.027778161063398,"[nan, nan, nan]"
LeftHandRing3,Untagged,4094559557190389811,1,1,3.233534110887707,1.2787775678614455,0.5574537891084589,3.233534110887707,1.2787775678614455,0.5574537891084589,"[nan, nan, nan]"
LeftHandMiddle2,Untagged,4107070179752785782,1,1,3.2241768669203785,1.302345092801434,0.5805705336851333,3.2241768669203785,1.302345092801434,0.5805705336851333,"[nan, nan, nan]"
RightHand,Untagged,4110836574425012933,1,1,3.3127142071880806,1.3512800337762048,1.9520754226955366,3.3127142071880806,1.3512800337762048,1.9520754226955366,"[nan, nan, nan]"
RightHandIndex1,Untagged,4114632390227980125,1,1,3.230689273276759,1.3269400506857894,1.9961352108700166,3.230689273276759,1.3269400506857894,1.9961352108700166,"[nan, nan, nan]"
Head,Untagged,4136430637711734252,1,1,3.5216100018783285,1.6674282075082256,1.3090001256823405,3.5216100018783285,1.6674282075082256,1.3090001256823405,"[nan, nan, nan]"
LeftHandPinky3,Untagged,4143217893781121083,1,1,-0.7150599514167318,1.275854969279386,-1.1664824603046031,-0.7150599514167318,1.275854969279386,-1.1664824603046031,"[nan, nan, nan]"
ExitDoorSides,Untagged,4166340149721045641,1,1,0.0,0.0,0.0,0.0,0.0,0.0,"[nan, nan, nan]"
7_ExitDoorHandle,EyeTrack,4204347505557255525,1,1,2.2499197,1.0469589244071353,2.944754871342485,0.0,0.0,0.0,"[14.681992, 24.50039, 4.4570007]"
RightHandMiddle3,Untagged,4209283473077204838,1,1,0.5248815913403172,1.083318622066286,-1.1996551784837965,0.5248815913403172,1.083318622066286,-1.1996551784837965,"[nan, nan, nan]"
npc_hmn_01f_arms2_lod0,Untagged,4224424652714908917,1,1,0.043,0.0,-1.424,0.043,0.0,-1.424,"[nan, nan, nan]"
WallWithDoor,Untagged,4247085988903598037,0,1,0.0,0.0,0.0,0.0,0.0,0.0,"[nan, nan, nan]"
TwoRoomsWithNameTags,Untagged,4254427410246690127,1,1,0.0,0.0,0.0,0.0,0.0,0.0,"[nan, nan, nan]"
11_FireExtinguisher,EyeTrack,4322284575703447356,1,1,3.5671278654711007,0.563199380677214,2.912532187006125,3.545,0.591,2.9028,"[nan, nan, nan]"
npc_csl_tshirt_00f_frontal_lod0,Untagged,4385682661046638083,1,1,3.515,0.0,1.309,3.515,0.0,1.309,"[nan, nan, nan]"
LeftToeBase,Untagged,4446703498352141567,1,1,-0.13280284976083587,0.04176071302538585,-1.3211033686911735,-0.13280284976083587,0.04176071302538585,-1.3211033686911735,"[nan, nan, nan]"
Lamp2,Untagged,4451756730475413997,0,0,0.0,0.0,0.0,0.0,0.0,0.0,"[nan, nan, nan]"
b_npc_hmn_01f_parts,Untagged,4456528023291036881,1,1,0.043,0.0,-1.424,0.043,0.0,-1.424,"[nan, nan, nan]"
RightArm,Untagged,4462463080985482047,1,1,0.22585652572928352,1.493419876363822,-1.4422370409604317,0.22585652572928352,1.493419876363822,-1.4422370409604317,"[nan, nan, nan]"
LeftUpLeg,Untagged,4463279252344636580,1,1,-0.07693999951576233,0.9915367120280737,-1.4239999918501753,-0.07693999951576233,0.9915367120280737,-1.4239999918501753,"[nan, nan, nan]"
RightHandRing3,Untagged,4514621894555396345,1,1,3.233530272597076,1.2787300535477408,2.0605412879603637,3.233530272597076,1.2787300535477408,2.0605412879603637,"[nan, nan, nan]"
npc_csl_pants_00f_lod4,Untagged,4515231931048168496,1,1,3.515,0.0,1.309,3.515,0.0,1.309,"[nan, nan, nan]"
npc_csl_shirtopenrolled_00f_lod3,Untagged,4521728803157519798,1,1,3.515,0.0,1.309,3.515,0.0,1.309,"[nan, nan, nan]"
b_npc_haircut_d_01_lod0,Untagged,4541681631020550689,1,1,3.5149999730992967,1.2028075868641963e-08,1.3089998409643375,3.5149999730992967,1.2028075868641963e-08,1.3089998409643375,"[nan, nan, nan]"
b_npc_csl_shoe_01_lod0,Untagged,4544914648074098870,1,1,0.043,0.0,-1.424,0.043,0.0,-1.424,"[nan, nan, nan]"
npc_csl_tshirt_00f,Untagged,4564337447362322962,1,1,0.043,0.0,-1.424,0.043,0.0,-1.424,"[nan, nan, nan]"
RightToeBase,Untagged,4566590946545723091,1,1,0.21880256073086812,0.04176067228695601,-1.3211029258674136,0.21880256073086812,0.04176067228695601,-1.3211029258674136,"[nan, nan, nan]"
b_npc_csl_shirtopenrolled_00f_lod1,Untagged,4615979132064795072,1,1,3.515,0.0,1.309,3.515,0.0,1.309,"[nan, nan, nan]"
npc_hmn_01f_head2_lod0,Untagged,4634695595398134541,1,1,3.515,0.0,1.309,3.515,0.0,1.309,"[nan, nan, nan]"
8_NPC1,EyeTrack,4675573492945280214,1,1,0.043,1.0,-1.424,0.043,0.0,-1.424,"[0.5, 1.8, 0.5]"
npc_hmn_01f_arms3_lod3,Untagged,4676447610326736517,1,1,3.515,0.0,1.309,3.515,0.0,1.309,"[nan, nan, nan]"
RightForeArm,Untagged,4685958943782202870,1,1,3.5213442885015622,1.4021299631422444,1.7680965372538826,3.5213442885015622,1.4021299631422444,1.7680965372538826,"[nan, nan, nan]"
LeftFoot,Untagged,4717660430769028864,1,1,3.565116546024288,0.13177875787657772,1.1570656840018028,3.565116546024288,0.13177875787657772,1.1570656840018028,"[nan, nan, nan]"
b_npc_hmn_01f_head2_lod0,Untagged,4725823684562112611,1,1,0.043,0.0,-1.424,0.043,0.0,-1.424,"[nan, nan, nan]"
b_npc_csl_tshirt_00f_lod0,Untagged,4731366574565930373,1,1,0.043,0.0,-1.424,0.043,0.0,-1.424,"[nan, nan, nan]"
LeftLeg,Untagged,4732793412513929013,1,1,-0.09381602007215249,0.5461625337818063,-1.4377728860465824,-0.09381602007215249,0.5461625337818063,-1.4377728860465824,"[nan, nan, nan]"
RightHandIndex2,Untagged,4757797775494588715,1,1,3.2067032775126143,1.3084500256144829,2.0171913606333134,3.2067032775126143,1.3084500256144829,2.0171913606333134,"[nan, nan, nan]"
LeftHandProp,Untagged,4784803731753013678,1,1,3.267472355565522,1.30199045892578,0.6313140102066055,3.267472355565522,1.30199045892578,0.6313140102066055,"[nan, nan, nan]"
b_npc_csl_tshirt_00f_frontal_lod2,Untagged,4796859040700080735,1,1,3.515,0.0,1.309,3.515,0.0,1.309,"[nan, nan, nan]"
RightHandPinky3,Untagged,4806620381700253640,1,1,3.257479255927502,1.2758000779373786,2.067054112732101,3.257479255927502,1.2758000779373786,2.067054112732101,"[nan, nan, nan]"
Lamp1,Untagged,4827640987961733914,0,0,0.0,0.0,0.0,0.0,0.0,0.0,"[nan, nan, nan]"
npc_haircut_d_01_lod2,Untagged,4847218287098959168,1,1,3.5149999730992967,1.2028075868641963e-08,1.3089998409643375,3.5149999730992967,1.2028075868641963e-08,1.3089998409643375,"[nan, nan, nan]"
Spine,Untagged,4861564925502398179,1,1,3.514999999999991,1.10877858,1.30899992300401,3.514999999999991,1.10877858,1.30899992300401,"[nan, nan, nan]"
npc_hmn_01f_arms3_lod0,Untagged,4868597201739503974,1,1,3.515,0.0,1.309,3.515,0.0,1.309,"[nan, nan, nan]"
b_npc_csl_shirtopenrolled_00f_lod2,Untagged,4871945172609584261,1,1,3.515,0.0,1.309,3.515,0.0,1.309,"[nan, nan, nan]"
npc_csl_shoe_01_lod2,Untagged,4890310845614005466,1,1,0.043,0.0,-1.424,0.043,0.0,-1.424,"[nan, nan, nan]"
WindowFrame1,Untagged,4890494219999581877,0,1,0.0,0.0,0.0,0.0,0.0,0.0,"[nan, nan, nan]"
WindowWall,Untagged,4900627695115958282,1,1,0.0,0.0,0.0,0.0,0.0,0.0,"[nan, nan, nan]"
LeftHandThumb3,Untagged,4950070235280071395,1,1,3.2152795486139585,1.299895322215741,0.6669341544090939,3.2152795486139585,1.299895322215741,0.6669341544090939,"[nan, nan, nan]"
b_npc_haircut_c_01,Untagged,4954304927149048674,1,1,0.042999840964337496,1.2028075868641963e-08,-1.423999973099296,0.042999840964337496,1.2028075868641963e-08,-1.423999973099296,"[nan, nan, nan]"
Root,Untagged,4990736674349781707,1,1,3.5149999730992967,1.2028075868641963e-08,1.3089998409643375,3.5149999730992967,1.2028075868641963e-08,1.3089998409643375,"[nan, nan, nan]"
npc_hmn_01f_arms2_lod4,Untagged,5012978019042447407,1,1,0.043,0.0,-1.424,0.043,0.0,-1.424,"[nan, nan, nan]"
b_npc_csl_tshirt_00f_lod2,Untagged,5036440616500015973,1,1,0.043,0.0,-1.424,0.043,0.0,-1.424,"[nan, nan, nan]"
npc_csl_shirtopenrolled_00f_lod4,Untagged,5046977788083915700,1,1,3.515,0.0,1.309,3.515,0.0,1.309,"[nan, nan, nan]"
LeftHand,Untagged,5062822482377693399,1,1,-0.600080321722825,1.351331587147782,-1.2217180796177463,-0.600080321722825,1.351331587147782,-1.2217180796177463,"[nan, nan, nan]"
LeftHandIndex3,Untagged,5112455695980000872,1,1,3.191709757656333,1.2895412878996237,0.5896418638077126,3.191709757656333,1.2895412878996237,0.5896418638077126,"[nan, nan, nan]"
b_npc_csl_pants_00f_lod1,Untagged,5124120955833144880,1,1,0.043,0.0,-1.424,0.043,0.0,-1.424,"[nan, nan, nan]"
npc_hmn_01f_head2_lod1,Untagged,5132001860459900799,1,1,3.515,0.0,1.309,3.515,0.0,1.309,"[nan, nan, nan]"
LeftHandThumb1,Untagged,5133708149632934741,1,1,3.2887061021922257,1.3496057661905745,0.6725591823274841,3.2887061021922257,1.3496057661905745,0.6725591823274841,"[nan, nan, nan]"
RightHandRing2,Untagged,5138282412920771637,1,1,0.7837341396177886,1.295930068641319,-1.1532222633705946,0.7837341396177886,1.295930068641319,-1.1532222633705946,"[nan, nan, nan]"
npc_hmn_01f_head2_lod4,Untagged,5146292986508431245,1,1,0.043,0.0,-1.424,0.043,0.0,-1.424,"[nan, nan, nan]"
LeftHandThumb2,Untagged,5152348284368499023,1,1,3.243043770412629,1.3219859572078958,0.672254237574897,3.243043770412629,1.3219859572078958,0.672254237574897,"[nan, nan, nan]"
"""GR\xD6NSTA_905.578.001""",Untagged,5159587664435278274,0,0,0.61751485,0.0,2.6647234,0.61751485,0.0,2.6647234,"[nan, nan, nan]"
RightFoot,Untagged,5167770749793556821,1,1,0.19493356297649828,0.1317789942648276,-1.4741165701810104,0.19493356297649828,0.1317789942648276,-1.4741165701810104,"[nan, nan, nan]"
LeftHandMiddle1,Untagged,5226399348312085183,1,1,-0.6620391402866281,1.3224599401879926,-1.15750828110285,-0.6620391402866281,1.3224599401879926,-1.15750828110285,"[nan, nan, nan]"
Certificates,Untagged,5231539963898464635,0,1,0.0,-0.57412,-0.8679109,0.0,-0.57412,-0.8679109,"[nan, nan, nan]"
b_npc_csl_pants_00f_lod4,Untagged,5238507116474249974,1,1,0.043,0.0,-1.424,0.043,0.0,-1.424,"[nan, nan, nan]"
Table,Untagged,5244460034009400118,0,0,0.0,0.0,0.0,0.0,0.0,0.0,"[nan, nan, nan]"
b_npc_csl_tshirt_00f_frontal_lod3,Untagged,5252893269400283600,1,1,3.515,0.0,1.309,3.515,0.0,1.309,"[nan, nan, nan]"
LeftArm,Untagged,5279458723464038490,1,1,3.533236939886269,1.4934233040942508,1.1254273793829173,3.533236939886269,1.4934233040942508,1.1254273793829173,"[nan, nan, nan]"
npc_hmn_01f_head2_lod3,Untagged,5329973167601979868,1,1,3.515,0.0,1.309,3.515,0.0,1.309,"[nan, nan, nan]"
LeftHandIndex1,Untagged,5348395855529575775,1,1,3.230692451951619,1.3269892966337853,0.6218590052704829,3.230692451951619,1.3269892966337853,0.6218590052704829,"[nan, nan, nan]"
"""GR\xD6NSTA_905.578.008""",Untagged,5448300457813321704,0,1,1.903,0.0,-1.7848108,1.903,0.0,-1.7848108,"[nan, nan, nan]"
"""GR\xD6NSTA_905.578.004""",Untagged,5453912150826985087,1,1,3.9902098,0.0,0.4861125,3.9902098,0.0,0.4861125,"[nan, nan, nan]"
LeftHandMiddle3,Untagged,5461613102714445743,1,1,3.210053238673751,1.2837716087861792,0.5687114425900053,3.210053238673751,1.2837716087861792,0.5687114425900053,"[nan, nan, nan]"
LeftHandPinky2,Untagged,5464442018366880510,1,1,3.267115973109416,1.2933459466895907,0.5617913696981798,3.267115973109416,1.2933459466895907,0.5617913696981798,"[nan, nan, nan]"
npc_csl_pants_00f_lod0,Untagged,5502644886430546550,1,1,3.515,0.0,1.309,3.515,0.0,1.309,"[nan, nan, nan]"
CeilingTiles,Untagged,5511498913692094999,1,1,0.0,0.0,0.0,0.0,0.0,0.0,"[nan, nan, nan]"
RightLeg,Untagged,5516373800565900325,1,1,0.17981584945306492,0.5461629223222247,-1.4377729016760818,0.17981584945306492,0.5461629223222247,-1.4377729016760818,"[nan, nan, nan]"
RightShoulder,Untagged,5518678480174109074,1,1,3.5347296144466407,1.513279928419279,1.3444673817781567,3.5347296144466407,1.513279928419279,1.3444673817781567,"[nan, nan, nan]"
RightHandMiddle2,Untagged,5527365251471515881,1,1,0.5064410486273345,1.1014390005554076,-1.1955428982224987,0.5064410486273345,1.1014390005554076,-1.1955428982224987,"[nan, nan, nan]"
WallFrame3,Untagged,5538594398984267485,1,1,0.0,0.20538571,1.6320643,0.0,0.20538571,1.6320643,"[nan, nan, nan]"
LeftHandRing1,Untagged,5569989398621826629,1,1,-0.6757832966887414,1.318850580230597,-1.17319454969892,-0.6757832966887414,1.318850580230597,-1.17319454969892,"[nan, nan, nan]"
LeftShoulder,Untagged,5614184428170654503,1,1,0.007532420741627646,1.5132750991009998,-1.443729599950094,0.007532420741627646,1.5132750991009998,-1.443729599950094,"[nan, nan, nan]"
b_npc_hmn_01f_arms2_lod2,Untagged,5614289529339328231,1,1,0.043,0.0,-1.424,0.043,0.0,-1.424,"[nan, nan, nan]"
"""GR\xD6NSTA_905.578.011""",Untagged,5656290119201428827,0,0,-0.7589092,0.0,-1.7848108,-0.7589092,0.0,-1.7848108,"[nan, nan, nan]"
WallFrame2,Untagged,5670983415563758944,1,1,2.696,0.36587065,1.799,2.696,0.36587065,1.799,"[nan, nan, nan]"
RightHandThumb2,Untagged,5680386045831121865,1,1,3.243040150115954,1.3219402040314365,1.9457407671554083,3.243040150115954,1.3219402040314365,1.9457407671554083,"[nan, nan, nan]"
npc_csl_shoe_01_lod4,Untagged,5693557619858994989,1,1,3.515,0.0,1.309,3.515,0.0,1.309,"[nan, nan, nan]"
upper_cloth,Untagged,5716328428042190966,1,1,0.043,0.0,-1.424,0.043,0.0,-1.424,"[nan, nan, nan]"
npc_hmn_01f_arms3_lod1,Untagged,5741121727290407732,1,1,3.515,0.0,1.309,3.515,0.0,1.309,"[nan, nan, nan]"
RightHandThumb1,Untagged,5768376957268454670,1,1,0.6794352766769353,1.3495600450139789,-1.1977022216443383,0.6794352766769353,1.3495600450139789,-1.1977022216443383,"[nan, nan, nan]"
RightHandProp,Untagged,5846118614877053524,1,1,0.7206802127395423,1.301940070105986,-1.1764692519496458,0.7206802127395423,1.301940070105986,-1.1764692519496458,"[nan, nan, nan]"
b_npc_hmn_01f_arms3_lod4,Untagged,5883056267948405228,1,1,3.515,0.0,1.309,3.515,0.0,1.309,"[nan, nan, nan]"
LeftHandMiddle3,Untagged,5892312976818648369,1,1,-0.6972885574099944,1.2837716087861792,-1.1190532386737502,-0.6972885574099944,1.2837716087861792,-1.1190532386737502,"[nan, nan, nan]"
LeftHandPinky2,Untagged,5898491005122056288,1,1,-0.70420863030182,1.2933459466895907,-1.1761159731094157,-0.70420863030182,1.2933459466895907,-1.1761159731094157,"[nan, nan, nan]"
b_npc_csl_pants_00f_lod4,Untagged,5961874437347694696,1,1,3.515,0.0,1.309,3.515,0.0,1.309,"[nan, nan, nan]"
"""GR\xD6NSTA_905.578.001""",Untagged,5971649359015501379,0,1,0.61751485,0.0,2.604,0.61751485,0.0,2.604,"[nan, nan, nan]"
RightHandMiddle1,Untagged,6011280180010987527,1,1,3.248505264040078,1.322410060135714,2.0140331818015684,3.248505264040078,1.322410060135714,2.0140331818015684,"[nan, nan, nan]"
npc_hmn_01f_head2_lod3,Untagged,6051115077512035138,1,1,0.043,0.0,-1.424,0.043,0.0,-1.424,"[nan, nan, nan]"
Certificates.001,Untagged,6087294804760432471,1,1,0.36364187,-0.48168898,0.0,0.36364187,-0.48168898,0.0,"[nan, nan, nan]"
npc_csl_shoe_01_lod4,Untagged,6128742943595634099,1,1,0.043,0.0,-1.424,0.043,0.0,-1.424,"[nan, nan, nan]"
upper_cloth,Untagged,6150304288552184552,1,1,3.515,0.0,1.309,3.515,0.0,1.309,"[nan, nan, nan]"
Hips,Untagged,6203051175957541612,1,1,3.5149999918501753,0.9915367120280757,1.3089997444842378,3.5149999918501753,0.9915367120280757,1.3089997444842378,"[nan, nan, nan]"
LeftHandRing2,Untagged,6214403207793731915,1,1,3.244225925460158,1.2959824105038429,0.5682605395494857,3.244225925460158,1.2959824105038429,0.5682605395494857,"[nan, nan, nan]"
npc_csl_pants_00f_lod0,Untagged,6220435492984656104,1,1,0.043,0.0,-1.424,0.043,0.0,-1.424,"[nan, nan, nan]"
RightLeg,Untagged,6233025862738538171,1,1,3.528772901676082,0.5461629223222247,1.445815849453065,3.528772901676082,0.5461629223222247,1.445815849453065,"[nan, nan, nan]"
CeilingTileOuter1,Untagged,6234536543844842107,0,1,0.0,0.0,0.0,0.0,0.0,0.0,"[nan, nan, nan]"
RightShoulder,Untagged,6239868777350314764,1,1,0.0784673817781568,1.5132799284042835,-1.4437296146460776,0.0784673817781568,1.5132799284042835,-1.4437296146460776,"[nan, nan, nan]"
RightHandMiddle2,Untagged,6249617667588016759,1,1,3.2241732780869103,1.3023000419648525,2.037424319998008,3.2241732780869103,1.3023000419648525,2.037424319998008,"[nan, nan, nan]"
LeftHandRing1,Untagged,6287777806194656475,1,1,3.2641945496989204,1.318850580230597,0.5902167033112584,3.2641945496989204,1.318850580230597,0.5902167033112584,"[nan, nan, nan]"
npc_csl_tshirt_00f_frontal_lod3,Untagged,6308056644569017024,1,1,3.515,0.0,1.309,3.515,0.0,1.309,"[nan, nan, nan]"
RightHandIndex3,Untagged,6312166587176838985,1,1,3.1917062818614124,1.2894900460230523,2.0283521939488676,3.1917062818614124,1.2894900460230523,2.0283521939488676,"[nan, nan, nan]"
RightUpLeg,Untagged,6329519248039886922,1,1,0.16293975448423773,0.991536966040997,-1.4240000128211687,0.16293975448423773,0.991536966040997,-1.4240000128211687,"[nan, nan, nan]"
RightHandIndex2,Untagged,6343646215206683573,1,1,0.4843855433773787,1.0862139201472023,-1.2036138209780536,0.4843855433773787,1.0862139201472023,-1.2036138209780536,"[nan, nan, nan]"
LeftHandProp,Untagged,6370683507353647920,1,1,-0.6346859897933943,1.30199045892578,-1.176472355565522,-0.6346859897933943,1.30199045892578,-1.176472355565522,"[nan, nan, nan]"
RightHandIndex1,Untagged,6372213263589675412,1,1,0.7301352108700166,1.3269400506857894,-1.139689273276758,0.7301352108700166,1.3269400506857894,-1.139689273276758,"[nan, nan, nan]"
NameTagDrRoom,Untagged,6396547848155326027,1,1,-5.61077,2.19,-0.22538148,-5.61077,2.19,-0.22538148,"[nan, nan, nan]"
Couch,Untagged,6401934626046582587,0,0,0.0,0.0,0.0,0.0,0.0,0.0,"[nan, nan, nan]"
b_npc_hmn_01f_arms2_lod3,Untagged,6413635111225668764,1,1,0.043,0.0,-1.424,0.043,0.0,-1.424,"[nan, nan, nan]"
WallWithoutDoor.002,Untagged,6415711629478413250,1,1,-7.149499422449695,1.7208500687303119,-0.22091997719579926,-7.687,0.0,4.132,"[1.2699585, 344.16998, 523.875]"
RightHandThumb3,Untagged,6443181535994049090,1,1,3.2152733960651494,1.2998478925701649,1.9510615725303975,3.2152733960651494,1.2998478925701649,1.9510615725303975,"[nan, nan, nan]"
Spine,Untagged,6447325954452452477,1,1,0.04299992300401,1.10877858,-1.4239999999999906,0.04299992300401,1.10877858,-1.4239999999999906,"[nan, nan, nan]"
LeftHandMiddle2,Untagged,6452397096159070655,1,1,-0.6854294663148662,1.302345092801434,-1.133176866920378,-0.6854294663148662,1.302345092801434,-1.133176866920378,"[nan, nan, nan]"
npc_csl_shoe_01_lod2,Untagged,6472763984805819972,1,1,3.515,0.0,1.309,3.515,0.0,1.309,"[nan, nan, nan]"
RightHandPinky2,Untagged,6481984116292406993,1,1,0.7902031237949092,1.2933000748199401,-1.1761122495592595,0.7902031237949092,1.2933000748199401,-1.1761122495592595,"[nan, nan, nan]"
RightHandRing1,Untagged,6483198803185966997,1,1,0.761778161063398,1.318800065725617,-1.1731912519646743,0.761778161063398,1.318800065725617,-1.1731912519646743,"[nan, nan, nan]"
npc_hmn_01f_head2_lod0,Untagged,6512064699677217171,1,1,0.043,0.0,-1.424,0.043,0.0,-1.424,"[nan, nan, nan]"
9_NPC2,EyeTrack,6551829333284402760,1,1,3.515,1.0,1.309,3.515,0.0,1.309,"[0.5, 1.8, 0.5]"
RightForeArm,Untagged,6560022358338897768,1,1,0.35157014558634364,1.2561444957765024,-1.5325350429799298,0.35157014558634364,1.2561444957765024,-1.5325350429799298,"[nan, nan, nan]"
b_npc_hmn_01f_head2_lod0,Untagged,6600940989562043133,1,1,3.515,0.0,1.309,3.515,0.0,1.309,"[nan, nan, nan]"
b_npc_hmn_01f_arms2_lod1,Untagged,6632090254710464797,1,1,0.043,0.0,-1.424,0.043,0.0,-1.424,"[nan, nan, nan]"
LeftHand,Untagged,6650969442926801481,1,1,3.3127180796177464,1.351331587147782,0.6659196782771748,3.3127180796177464,1.351331587147782,0.6659196782771748,"[nan, nan, nan]"
LeftUpLeg,Untagged,6666588302072543853,1,1,3.514999991850176,0.9915367120280737,1.1890600004842378,3.514999991850176,0.9915367120280737,1.1890600004842378,"[nan, nan, nan]"
RightArm,Untagged,6672470902891752950,1,1,3.533237040960432,1.493419876363822,1.4918565257292835,3.533237040960432,1.493419876363822,1.4918565257292835,"[nan, nan, nan]"
LeftToeBase,Untagged,6683736768477747766,1,1,3.412103368691174,0.04176071302538585,1.133197150239164,3.412103368691174,0.04176071302538585,1.133197150239164,"[nan, nan, nan]"
b_npc_csl_pants_00f_lod1,Untagged,6706624681552329902,1,1,3.515,0.0,1.309,3.515,0.0,1.309,"[nan, nan, nan]"
LeftHandThumb1,Untagged,6715050791033162187,1,1,-0.5934408176725157,1.3496057661905745,-1.1977061021922255,-0.5934408176725157,1.3496057661905745,-1.1977061021922255,"[nan, nan, nan]"
npc_hmn_01f_head2_lod1,Untagged,6716757935705408993,1,1,0.043,0.0,-1.424,0.043,0.0,-1.424,"[nan, nan, nan]"
npc_hmn_01f_head2_lod4,Untagged,6729909967340545299,1,1,3.515,0.0,1.309,3.515,0.0,1.309,"[nan, nan, nan]"
LeftHandThumb2,Untagged,6741587609924557777,1,1,-0.5937457624251028,1.3219859572078958,-1.1520437704126287,-0.5937457624251028,1.3219859572078958,-1.1520437704126287,"[nan, nan, nan]"
npc_hmn_01f_arms2_lod3,Untagged,6750912216116443525,1,1,0.043,0.0,-1.424,0.043,0.0,-1.424,"[nan, nan, nan]"
RightToeBase,Untagged,6785640602589337626,1,1,3.4121029258674147,0.04176067228695601,1.4848025607308684,3.4121029258674147,0.04176067228695601,1.4848025607308684,"[nan, nan, nan]"
b_npc_csl_shirtopenrolled_00f_lod3,Untagged,6797571201693768065,1,1,3.515,0.0,1.309,3.515,0.0,1.309,"[nan, nan, nan]"
NameTagWaitingRoom,Untagged,6797841443231142029,1,1,-3.331,2.19,2.5334234,-3.331,2.19,2.5334234,"[nan, nan, nan]"
b_npc_haircut_d_01,Untagged,6821131584370290927,1,1,3.5149999730992967,1.2028075868641963e-08,1.3089998409643375,3.5149999730992967,1.2028075868641963e-08,1.3089998409643375,"[nan, nan, nan]"
LeftHandThumb3,Untagged,6826350815066763389,1,1,-0.5990658455909059,1.299895322215741,-1.1242795486139583,-0.5990658455909059,1.299895322215741,-1.1242795486139583,"[nan, nan, nan]"
"""GR\xD6NSTA_905.578.008""",Untagged,6834571637160380521,1,1,1.6733694,0.0,-1.7848108,1.6733694,0.0,-1.7848108,"[nan, nan, nan]"
"""GR\xD6NSTA_905.578.004""",Untagged,6842435559782255102,0,1,3.9902098,0.0,0.698,3.9902098,0.0,0.698,"[nan, nan, nan]"
CeilingTileOuter2,Untagged,6878210562702629235,0,1,0.0,0.0,0.0,0.0,0.0,0.0,"[nan, nan, nan]"
Head,Untagged,6920194826802803496,1,1,3.521610006510252,1.6674282194113,1.308999966646655,3.521610006510252,1.6674282194113,1.308999966646655,"[nan, nan, nan]"
npc_csl_tshirt_00f_lod2,Untagged,6936295834478151809,1,1,0.043,0.0,-1.424,0.043,0.0,-1.424,"[nan, nan, nan]"
npc_csl_shoe_01_lod1,Untagged,6943099132779679070,1,1,0.043,0.0,-1.424,0.043,0.0,-1.424,"[nan, nan, nan]"
RightHand,Untagged,6945207230987983873,1,1,3.312714205841343,1.3512800496297033,1.9520752636598544,3.312714205841343,1.3512800496297033,1.9520752636598544,"[nan, nan, nan]"
RightHandIndex1,Untagged,6950436739069569433,1,1,3.230689275083789,1.326940033281122,1.996135369905699,3.230689275083789,1.326940033281122,1.996135369905699,"[nan, nan, nan]"
"""GR\xD6NSTA_905.578.000""",Untagged,6954995726337156357,0,1,-0.113,0.0,2.604,-0.113,0.0,2.604,"[nan, nan, nan]"
"""GR\xD6NSTA_905.578.002""",Untagged,6993272540439333913,0,1,1.2884823,0.0,2.604,1.2884823,0.0,2.604,"[nan, nan, nan]"
npc_hmn_01f_head2_lod2,Untagged,7012746143896404065,1,1,0.043,0.0,-1.424,0.043,0.0,-1.424,"[nan, nan, nan]"
b_npc_hmn_01f_arms3_lod1,Untagged,7022507499275113397,1,1,3.515,0.0,1.309,3.515,0.0,1.309,"[nan, nan, nan]"
LeftHandMiddle2,Untagged,7030624420163596722,1,1,3.2241768691925143,1.302345075273631,0.580570692720816,3.2241768691925143,1.302345075273631,0.580570692720816,"[nan, nan, nan]"
DoctorsOfficeDoor,Untagged,7037621996568072939,1,1,-9.303752,2.0931604,2.747227,-9.303752,2.0931604,2.747227,"[nan, nan, nan]"
LeftHandRing3,Untagged,7042566595315078903,1,1,3.233534108169888,1.2787775852122938,0.5574536300727765,3.233534108169888,1.2787775852122938,0.5574536300727765,"[nan, nan, nan]"
RightHandRing1,Untagged,7053408488209803160,1,1,3.26419125392564,1.3188000489545029,2.02777832009908,3.26419125392564,1.3188000489545029,2.02777832009908,"[nan, nan, nan]"
RightHandPinky2,Untagged,7056838688345306844,1,1,3.267112252002454,1.2933000581040646,2.0562032828305905,3.267112252002454,1.2933000581040646,2.0562032828305905,"[nan, nan, nan]"
WindowFrame1,Untagged,7066014190706511912,1,1,0.0,0.0,0.0,0.0,0.0,0.0,"[nan, nan, nan]"
npc_haircut_c_01,Untagged,7131037971385273925,1,1,0.042999840964337496,1.2028075868641963e-08,-1.423999973099296,0.042999840964337496,1.2028075868641963e-08,-1.423999973099296,"[nan, nan, nan]"
Lamp1,Untagged,7146712380763829639,0,0,0.0,0.0,0.0,0.0,0.0,0.0,"[nan, nan, nan]"
npc_csl_pants_00f_lod1,Untagged,7170023284716672175,1,1,3.515,0.0,1.309,3.515,0.0,1.309,"[nan, nan, nan]"
LeftLeg,Untagged,7186111790687847846,1,1,-0.09381586103648243,0.546162522014191,-1.4377729026188413,-0.09381586103648243,0.546162522014191,-1.4377729026188413,"[nan, nan, nan]"
LeftHand,Untagged,7230162138184698436,1,1,-0.6000804807585076,1.351331603001189,-1.2217180782719905,-0.6000804807585076,1.351331603001189,-1.2217180782719905,"[nan, nan, nan]"
RightHandRing2,Untagged,7303335221309867686,1,1,0.5230543240520096,1.1180282070094374,-1.1920071763294748,0.5230543240520096,1.1180282070094374,-1.1920071763294748,"[nan, nan, nan]"
RightFoot,Untagged,7323956959380032454,1,1,0.1949337220121623,0.1317789831845012,-1.4741165945896513,0.1949337220121623,0.1317789831845012,-1.4741165945896513,"[nan, nan, nan]"
npc_csl_pants_00f_lod3,Untagged,7324161014291517858,1,1,3.515,0.0,1.309,3.515,0.0,1.309,"[nan, nan, nan]"
b_npc_haircut_d_01_lod1,Untagged,7336526655656025335,1,1,3.5149999730992967,1.2028075868641963e-08,1.3089998409643375,3.5149999730992967,1.2028075868641963e-08,1.3089998409643375,"[nan, nan, nan]"
Room,Untagged,7337355559421656727,0,1,0.0,0.0,0.0,0.0,0.0,0.0,"[nan, nan, nan]"
"""GR\xD6NSTA_905.578.005""",Untagged,7408691892289250422,0,1,3.9902098,0.0,0.0,3.9902098,0.0,0.0,"[nan, nan, nan]"
RightHandRing3,Untagged,7478752240512462397,1,1,3.23353026987835,1.2787300708986833,2.060541128924682,3.23353026987835,1.2787300708986833,2.060541128924682,"[nan, nan, nan]"
RightHandThumb1,Untagged,7500511085545624835,1,1,3.288702223023604,1.3495600287063914,1.9454354357126176,3.288702223023604,1.3495600287063914,1.9454354357126176,"[nan, nan, nan]"
b_npc_csl_pants_00f,Untagged,7536334800448110982,1,1,3.515,0.0,1.309,3.515,0.0,1.309,"[nan, nan, nan]"
"""GR\xD6NSTA_905.578.006""",Untagged,7540258322276603726,0,0,3.9902098,0.0,-1.0022384,3.9902098,0.0,-1.0022384,"[nan, nan, nan]"
5_DoctorDoorHandle,EyeTrack,7556015534045860775,1,1,-3.258515288533963,1.0469589243836008,1.5727199631600328,-0.3070619999999984,0.0,-0.6684103000000006,"[14.681995, 24.50039, 4.4570017]"
Table,Untagged,7573102322765415851,0,0,0.0,0.0,0.0,0.0,0.0,0.0,"[nan, nan, nan]"
RightHandProp,Untagged,7582894881179228761,1,1,3.2674692542294497,1.3019400533968628,1.9866803717752242,3.2674692542294497,1.3019400533968628,1.9866803717752242,"[nan, nan, nan]"
Certificates,Untagged,7587203128914530278,1,1,0.052,-0.57412,-0.8679109,0.052,-0.57412,-0.8679109,"[nan, nan, nan]"
"""GR\xD6NSTA_905.578.003""",Untagged,7674163398143098756,1,1,3.9902098,0.0,1.2524819,3.9902098,0.0,1.2524819,"[nan, nan, nan]"
LeftHandPinky1,Untagged,7678807687634603240,1,1,3.2836781926880803,1.3131502384058986,0.5820753305103291,3.2836781926880803,1.3131502384058986,0.5820753305103291,"[nan, nan, nan]"
LeftHandMiddle1,Untagged,7679647357876043820,1,1,-0.6620389812509455,1.3224599231203191,-1.1575082829945957,-0.6620389812509455,1.3224599231203191,-1.1575082829945957,"[nan, nan, nan]"
b_npc_csl_shoe_01,Untagged,7688278591996585795,1,1,3.515,0.0,1.309,3.515,0.0,1.309,"[nan, nan, nan]"
npc_csl_shoe_01,Untagged,7700978838038829729,1,1,3.515,0.0,1.309,3.515,0.0,1.309,"[nan, nan, nan]"
body,Untagged,7724520142591664347,1,1,3.515,0.0,1.309,3.515,0.0,1.309,"[nan, nan, nan]"
b_npc_hmn_01f_arms3_lod0,Untagged,7736221570553518023,1,1,3.515,0.0,1.309,3.515,0.0,1.309,"[nan, nan, nan]"
npc_csl_tshirt_00f_frontal_lod1,Untagged,7778303229811558536,1,1,3.515,0.0,1.309,3.515,0.0,1.309,"[nan, nan, nan]"
b_npc_csl_tshirt_00f_frontal_lod4,Untagged,7809402619788298617,1,1,3.515,0.0,1.309,3.515,0.0,1.309,"[nan, nan, nan]"
b_npc_hmn_01f_arms3_lod2,Untagged,7809748448840013450,1,1,3.515,0.0,1.309,3.515,0.0,1.309,"[nan, nan, nan]"
Neck,Untagged,7815258808134464589,1,1,3.5399430199105675,1.5651278363021661,1.308999946796627,3.5399430199105675,1.5651278363021661,1.308999946796627,"[nan, nan, nan]"
npc_csl_tshirt_00f_lod4,Untagged,7823777277333503009,1,1,0.043,0.0,-1.424,0.043,0.0,-1.424,"[nan, nan, nan]"
CeilingTiles.001,Untagged,7842743448929027971,1,1,-7.6691027,0.0,1.7739156,-7.6691027,0.0,1.7739156,"[nan, nan, nan]"
WallFrame3,Untagged,7857667200007512128,0,1,0.0,0.20538571,1.6320643,0.0,0.20538571,1.6320643,"[nan, nan, nan]"
b_npc_csl_pants_00f_lod3,Untagged,7961439575414387917,1,1,0.043,0.0,-1.424,0.043,0.0,-1.424,"[nan, nan, nan]"
npc_haircut_c_01_lod4,Untagged,7964517935628595110,1,1,0.042999840964337496,1.2028075868641963e-08,-1.423999973099296,0.042999840964337496,1.2028075868641963e-08,-1.423999973099296,"[nan, nan, nan]"
RightLeg,Untagged,7969797593611966134,1,1,0.17981569041739492,0.546162934089844,-1.437772885103829,0.17981569041739492,0.546162934089844,-1.437772885103829,"[nan, nan, nan]"
RightHandMiddle2,Untagged,7971746790008271482,1,1,0.771424160962326,1.302300059492744,-1.133173275813914,0.771424160962326,1.302300059492744,-1.133173275813914,"[nan, nan, nan]"
LeftHandRing1,Untagged,8023413192070413526,1,1,-0.6757834557244238,1.3188505970016282,-1.1731945477389185,-0.6757834557244238,1.3188505970016282,-1.1731945477389185,"[nan, nan, nan]"
WallFrame2,Untagged,8026084911012932605,0,1,2.6961951,0.36587065,1.7043093,2.6961951,0.36587065,1.7043093,"[nan, nan, nan]"
"""GR\xD6NSTA_905.578.012""",Untagged,8040835923843939310,0,0,-1.564173,0.0,-1.7848108,-1.564173,0.0,-1.7848108,"[nan, nan, nan]"
RightUpLeg,Untagged,8056015492930943047,1,1,3.515000020970982,0.9915369540129201,1.4289399135199141,3.515000020970982,0.9915369540129201,1.4289399135199141,"[nan, nan, nan]"
LeftShoulder,Untagged,8069860021969985972,1,1,0.007532579777311088,1.51327508744603,-1.4437295982333502,0.007532579777311088,1.51327508744603,-1.4437295982333502,"[nan, nan, nan]"
LeftForeArm,Untagged,8100598377504030456,1,1,3.5213440660424267,1.4021278966043558,0.8499034992049548,3.5213440660424267,1.4021278966043558,0.8499034992049548,"[nan, nan, nan]"
LeftHandMiddle1,Untagged,8114828832816687794,1,1,3.248508282994596,1.3224599231203191,0.6039610187490542,3.248508282994596,1.3224599231203191,0.6039610187490542,"[nan, nan, nan]"
Spine1,Untagged,8120174178343851135,1,1,3.5231170350577754,1.3230210890363883,1.3089997945069636,3.5231170350577754,1.3230210890363883,1.3089997945069636,"[nan, nan, nan]"
b_npc_csl_shoe_01,Untagged,8123508446129065437,1,1,0.043,0.0,-1.424,0.043,0.0,-1.424,"[nan, nan, nan]"
npc_csl_shoe_01,Untagged,8129384573319524415,1,1,0.043,0.0,-1.424,0.043,0.0,-1.424,"[nan, nan, nan]"
body,Untagged,8159745606564989509,1,1,0.043,0.0,-1.424,0.043,0.0,-1.424,"[nan, nan, nan]"
12_DoctorDoor,EyeTrack,8171576787688358812,1,1,-3.2971497,1.1499999,1.9074494999999998,-0.3189999999999986,0.0,-0.6770000000000005,"[96.00004, 200.0, 2.5399787]"
b_npc_csl_tshirt_00f_lod3,Untagged,8199762043352505662,1,1,0.043,0.0,-1.424,0.043,0.0,-1.424,"[nan, nan, nan]"
4_FireAlarmVisual,EyeTrack,8210079095853737696,1,1,1.7169987389148251,2.3250017867997563,2.9149996870753414,1.717,2.325,2.915,"[0.75382596, 0.99999523, 0.75107914]"
RightHandPinky1,Untagged,8215282810040424510,1,1,3.28367524135788,1.3131000743718317,2.035919142145405,3.28367524135788,1.3131000743718317,2.035919142145405,"[nan, nan, nan]"
RightHandThumb1,Untagged,8221624957839966109,1,1,0.44803259831271935,1.1676926814381423,-1.276966349440717,0.44803259831271935,1.1676926814381423,-1.276966349440717,"[nan, nan, nan]"
b_npc_haircut_d_01_lod2,Untagged,8231706470101379145,1,1,3.5149999730992967,1.2028075868641963e-08,1.3089998409643375,3.5149999730992967,1.2028075868641963e-08,1.3089998409643375,"[nan, nan, nan]"
npc_csl_tshirt_00f_frontal_lod2,Untagged,8249306514832493974,1,1,3.515,0.0,1.309,3.515,0.0,1.309,"[nan, nan, nan]"
b_npc_csl_pants_00f,Untagged,8257437686424742680,1,1,0.043,0.0,-1.424,0.043,0.0,-1.424,"[nan, nan, nan]"
RightHandProp,Untagged,8301794336719909063,1,1,0.4976179461880619,1.1329647518614374,-1.2494907198455625,0.4976179461880619,1.1329647518614374,-1.2494907198455625,"[nan, nan, nan]"
"""GR\xD6NSTA_905.578.005""",Untagged,8328827874440088567,1,1,3.9902098,0.0,-0.24248308,3.9902098,0.0,-0.24248308,"[nan, nan, nan]"
LeftHandPinky2,Untagged,8345124206301840115,1,1,-0.7042087893375022,1.2933459634053748,-1.1761159706670978,-0.7042087893375022,1.2933459634053748,-1.1761159706670978,"[nan, nan, nan]"
LeftHandMiddle3,Untagged,8345666530909005730,1,1,-0.6972887164456767,1.283771626581073,-1.1190532360503727,-0.6972887164456767,1.283771626581073,-1.1190532360503727,"[nan, nan, nan]"
b_npc_csl_tshirt_00f_frontal_lod1,Untagged,8348295521428730965,1,1,3.515,0.0,1.309,3.515,0.0,1.309,"[nan, nan, nan]"
"""GR\xD6NSTA_905.578.002""",Untagged,8378980667044225944,0,0,1.2884823,0.0,2.6647234,1.2884823,0.0,2.6647234,"[nan, nan, nan]"
LeftHandIndex2,Untagged,8387469598541587246,1,1,3.2067070976017047,1.3084966030533,0.6008035896992535,3.2067070976017047,1.3084966030533,0.6008035896992535,"[nan, nan, nan]"
b_npc_csl_pants_00f_lod3,Untagged,8390918992349716051,1,1,3.515,0.0,1.309,3.515,0.0,1.309,"[nan, nan, nan]"
RightShoulder,Untagged,8398095679981201823,1,1,0.07846722274247342,1.5132799400742498,-1.4437296161634754,0.07846722274247342,1.5132799400742498,-1.4437296161634754,"[nan, nan, nan]"
Certificates.001,Untagged,8478988038625610186,0,1,0.31864187,-0.48168898,0.0,0.31864187,-0.48168898,0.0,"[nan, nan, nan]"
"""GR\xD6NSTA_905.578.86""",Untagged,8484813672316111492,0,0,-0.1132843,0.0,2.6647234,-0.1132843,0.0,2.6647234,"[nan, nan, nan]"
RightUpLeg,Untagged,8485494360118121177,1,1,0.162939913519914,0.9915369540129201,-1.424000020970982,0.162939913519914,0.9915369540129201,-1.424000020970982,"[nan, nan, nan]"
LeftShoulder,Untagged,8499376263327075114,1,1,3.5347295982333504,1.51327508744603,1.273532579777311,3.5347295982333504,1.51327508744603,1.273532579777311,"[nan, nan, nan]"
b_npc_haircut_c_01_lod0,Untagged,8518052546189218140,1,1,0.042999840964337496,1.2028075868641963e-08,-1.423999973099296,0.042999840964337496,1.2028075868641963e-08,-1.423999973099296,"[nan, nan, nan]"
CeilingTileOuter1,Untagged,8598643932904258790,1,1,0.0,0.0,0.0,0.0,0.0,0.0,"[nan, nan, nan]"
npc_csl_shirtopenrolled_00f_lod0,Untagged,8688405849504023032,1,1,3.515,0.0,1.309,3.515,0.0,1.309,"[nan, nan, nan]"
Couch,Untagged,8721569715581147558,0,0,0.0,0.0,0.0,0.0,0.0,0.0,"[nan, nan, nan]"
RightHandMiddle3,Untagged,8721972182757972796,1,1,3.210050284449382,1.2837200634829884,2.0492831495873474,3.210050284449382,1.2837200634829884,2.0492831495873474,"[nan, nan, nan]"
RightForeArm,Untagged,8727291653589079547,1,1,0.5020963782182009,1.4021299750503502,-1.4303442881164445,0.5020963782182009,1.4021299750503502,-1.4303442881164445,"[nan, nan, nan]"
npc_csl_pants_00f_lod1,Untagged,8759278561645035057,1,1,0.043,0.0,-1.424,0.043,0.0,-1.424,"[nan, nan, nan]"
LeftLeg,Untagged,8769649598167314232,1,1,3.5287729026188415,0.546162522014191,1.1721841389635175,3.5287729026188415,0.546162522014191,1.1721841389635175,"[nan, nan, nan]"
RightHandIndex2,Untagged,8799286615909650726,1,1,0.7511912015976311,1.308450043472748,-1.11570327535592,0.7511912015976311,1.308450043472748,-1.11570327535592,"[nan, nan, nan]"
LeftHandPinky3,Untagged,8799858576338011233,1,1,3.2574824575315153,1.2758549861773487,0.5509398895475858,3.2574824575315153,1.2758549861773487,0.5509398895475858,"[nan, nan, nan]"
npc_csl_shoe_01_lod1,Untagged,8814926149378189248,1,1,3.515,0.0,1.309,3.515,0.0,1.309,"[nan, nan, nan]"
RightHandIndex1,Untagged,8825601864344666887,1,1,0.4682809985474504,1.1153048596188744,-1.2195802025108105,0.4682809985474504,1.1153048596188744,-1.2195802025108105,"[nan, nan, nan]"
LeftHandProp,Untagged,8826288860989319587,1,1,-0.6346861488290766,1.3019904756348255,-1.1764723532866797,-0.6346861488290766,1.3019904756348255,-1.1764723532866797,"[nan, nan, nan]"
WallWithoutDoor.003,Untagged,8847342734481609795,1,1,-7.125764456756012,1.720850367191322,4.472418772596188,-6.593167,0.0,0.11949825,"[1.2699585, 344.17004, 524.5469]"
npc_csl_tshirt_00f_lod1,Untagged,8875717735816363977,1,1,0.043,0.0,-1.424,0.043,0.0,-1.424,"[nan, nan, nan]"
npc_hmn_01f_head2_lod2,Untagged,8889111943780330239,1,1,3.515,0.0,1.309,3.515,0.0,1.309,"[nan, nan, nan]"
Spine,Untagged,8894029661681149678,1,1,0.04299976396833208,1.1087785920280757,-1.423999994067327,0.04299976396833208,1.1087785920280757,-1.423999994067327,"[nan, nan, nan]"
LeftHandMiddle2,Untagged,8908107865740499756,1,1,-0.6854293072791837,1.302345075273631,-1.133176869192514,-0.6854293072791837,1.302345075273631,-1.133176869192514,"[nan, nan, nan]"
RightHandPinky2,Untagged,8926365517524294722,1,1,0.5387280728459365,1.1379058289591577,-1.1976431514070771,0.5387280728459365,1.1379058289591577,-1.1976431514070771,"[nan, nan, nan]"
RightHandRing1,Untagged,8929656091229457670,1,1,0.501972857052962,1.1451972610054415,-1.2068826282013687,0.501972857052962,1.1451972610054415,-1.2068826282013687,"[nan, nan, nan]"
b_npc_haircut_c_01_lod2,Untagged,8943752779882777256,1,1,0.042999840964337496,1.2028075868641963e-08,-1.423999973099296,0.042999840964337496,1.2028075868641963e-08,-1.423999973099296,"[nan, nan, nan]"
LeftHandThumb3,Untagged,8982537170413757166,1,1,-0.5990660046265883,1.2998953399118018,-1.1242795462954946,-0.5990660046265883,1.2998953399118018,-1.1242795462954946,"[nan, nan, nan]"
"""GR\xD6NSTA_905.578.006""",Untagged,9070643452736370895,0,1,3.9902098,0.0,-0.696,3.9902098,0.0,-0.696,"[nan, nan, nan]"
b_npc_csl_tshirt_00f_lod1,Untagged,9101525477608114723,1,1,0.043,0.0,-1.424,0.043,0.0,-1.424,"[nan, nan, nan]"
CeilingTileOuter2,Untagged,9125789269942181870,1,1,0.0,0.0,0.0,0.0,0.0,0.0,"[nan, nan, nan]"
LeftHandThumb1,Untagged,9161683991810366296,1,1,-0.5934409767081984,1.3496057824980705,-1.197706100813833,-0.5934409767081984,1.3496057824980705,-1.197706100813833,"[nan, nan, nan]"
RightHandRing2,Untagged,9175125404126342200,1,1,3.2442222657640536,1.2959300514925725,2.0497342986534703,3.2442222657640536,1.2959300514925725,2.0497342986534703,"[nan, nan, nan]"
npc_hmn_01f_arms2_lod2,Untagged,9190295394796325189,1,1,0.043,0.0,-1.424,0.043,0.0,-1.424,"[nan, nan, nan]"
LeftHandThumb2,Untagged,9194835481378670914,1,1,-0.5937459214607854,1.3219859743789093,-1.1520437685119198,-0.5937459214607854,1.3219859743789093,-1.1520437685119198,"[nan, nan, nan]"
npc_csl_pants_00f_lod3,Untagged,9199335485280271164,1,1,0.043,0.0,-1.424,0.043,0.0,-1.424,"[nan, nan, nan]"
RightFoot,Untagged,9200241945300050264,1,1,3.5651165945896515,0.1317789831845012,1.4609337220121625,3.5651165945896515,0.1317789831845012,1.4609337220121625,"[nan, nan, nan]"
"""GR\xD6NSTA_905.578.003""",Untagged,9206795956185960453,0,1,3.9902098,0.0,1.4,3.9902098,0.0,1.4,"[nan, nan, nan]"
